date,self_weight,neighbour_weight
2021-01-04,0.077944756,0.92205524
2021-01-05,0.078675,0.92132497
2021-01-06,0.078081064,0.9219189
2021-01-07,0.0783333,0.9216667
2021-01-08,0.07833897,0.921661
2021-01-11,0.07880209,0.9211979
2021-01-12,0.07792643,0.9220736
2021-01-13,0.07855395,0.921446
2021-01-14,0.077935025,0.92206496
2021-01-15,0.07831484,0.92168516
2021-01-19,0.07925395,0.920746
2021-01-20,0.07967282,0.9203272
2021-01-21,0.07893405,0.9210659
2021-01-22,0.08132287,0.91867715
2021-01-25,0.07817569,0.92182434
2021-01-26,0.080062315,0.9199377
2021-01-27,0.07867103,0.92132896
2021-01-28,0.07794093,0.92205906
2021-01-29,0.077223904,0.9227761
2021-02-01,0.07627805,0.92372197
2021-02-02,0.084375076,0.9156249
2021-02-03,0.07786112,0.92213887
2021-02-04,0.08859586,0.91140413
2021-02-05,0.07653103,0.92346895
2021-02-08,0.08139126,0.9186087
2021-02-09,0.08050789,0.9194921
2021-02-10,0.08582056,0.91417944
2021-02-11,0.08274048,0.9172595
2021-02-12,0.08721065,0.91278934
2021-02-16,0.07848336,0.92151666
2021-02-17,0.07835938,0.92164063
2021-02-18,0.086797856,0.91320217
2021-02-19,0.08496808,0.9150319
2021-02-22,0.07929144,0.92070854
2021-02-23,0.07884578,0.9211542
2021-02-24,0.08963134,0.9103687
2021-02-25,0.07607263,0.92392737
2021-02-26,0.08151912,0.9184809
2021-03-01,0.08216967,0.91783035
2021-03-02,0.079050116,0.9209499
2021-03-03,0.07760216,0.92239785
2021-03-04,0.07662603,0.92337394
2021-03-05,0.077648,0.922352
2021-03-08,0.08157528,0.9184247
2021-03-09,0.07936337,0.92063665
2021-03-10,0.07643404,0.923566
2021-03-11,0.07785857,0.92214143
2021-03-12,0.08576542,0.9142346
2021-03-15,0.07978212,0.9202179
2021-03-16,0.077349775,0.9226502
2021-03-17,0.07475172,0.92524827
2021-03-18,0.081802815,0.91819715
2021-03-19,0.07871423,0.92128575
2021-03-22,0.08521942,0.91478056
2021-03-23,0.08601788,0.91398215
2021-03-24,0.08454976,0.9154502
2021-03-25,0.08185316,0.91814685
2021-03-26,0.07806748,0.9219325
2021-03-29,0.081257775,0.91874224
2021-03-30,0.08906382,0.9109362
2021-03-31,0.0793935,0.9206065
2021-04-01,0.09008019,0.9099198
2021-04-05,0.08933306,0.91066694
2021-04-06,0.08581895,0.91418105
2021-04-07,0.084648676,0.91535133
2021-04-08,0.08612503,0.913875
2021-04-09,0.09578739,0.9042126
2021-04-12,0.08424537,0.9157546
2021-04-13,0.08973642,0.9102636
2021-04-14,0.10323438,0.8967656
2021-04-15,0.08773427,0.9122657
2021-04-16,0.07857128,0.92142874
2021-04-19,0.08489098,0.91510904
2021-04-20,0.09115681,0.90884316
2021-04-21,0.078730285,0.9212697
2021-04-22,0.07696821,0.9230318
2021-04-23,0.09134179,0.9086582
2021-04-26,0.099189594,0.9008104
2021-04-27,0.097686484,0.90231353
2021-04-28,0.08009399,0.919906
2021-04-29,0.090563975,0.90943605
2021-04-30,0.08556577,0.91443425
2021-05-03,0.0835885,0.9164115
2021-05-04,0.104863584,0.8951364
2021-05-05,0.09107642,0.90892357
2021-05-06,0.08620306,0.91379696
2021-05-07,0.08606591,0.9139341
2021-05-10,0.091273814,0.9087262
2021-05-11,0.08586277,0.91413724
2021-05-12,0.08929703,0.91070294
2021-05-13,0.09032213,0.90967786
2021-05-14,0.08294317,0.9170568
2021-05-17,0.086019784,0.91398025
2021-05-18,0.08128996,0.91871005
2021-05-19,0.07948332,0.92051667
2021-05-20,0.08662473,0.91337526
2021-05-21,0.081892624,0.9181074
2021-05-24,0.07949316,0.92050683
2021-05-25,0.07922313,0.92077684
2021-05-26,0.08270913,0.91729087
2021-05-27,0.08654425,0.9134557
2021-05-28,0.091401294,0.9085987
2021-06-01,0.08525059,0.9147494
2021-06-02,0.09760697,0.90239304
2021-06-03,0.09777253,0.90222746
2021-06-04,0.088394776,0.91160524
2021-06-07,0.08362939,0.91637063
2021-06-08,0.08755348,0.9124465
2021-06-09,0.07956151,0.92043847
2021-06-10,0.08415147,0.91584855
2021-06-11,0.082981065,0.91701895
2021-06-14,0.086310685,0.9136893
2021-06-15,0.08618301,0.913817
2021-06-16,0.08464688,0.9153531
2021-06-17,0.086161405,0.9138386
2021-06-18,0.08308606,0.9169139
2021-06-21,0.07984386,0.9201561
2021-06-22,0.08519704,0.91480297
2021-06-23,0.08480506,0.9151949
2021-06-24,0.090182856,0.90981716
2021-06-25,0.086993486,0.91300654
2021-06-28,0.07660622,0.9233938
2021-06-29,0.08364387,0.91635615
2021-06-30,0.085619815,0.9143802
2021-07-01,0.08382579,0.91617423
2021-07-02,0.08721165,0.91278833
2021-07-06,0.08225704,0.91774297
2021-07-07,0.08579722,0.9142028
2021-07-08,0.09043268,0.9095673
2021-07-09,0.08142379,0.91857624
2021-07-12,0.07707136,0.92292863
2021-07-13,0.09556525,0.90443474
2021-07-14,0.079693526,0.92030644
2021-07-15,0.076853015,0.92314696
2021-07-16,0.08506757,0.9149324
2021-07-19,0.077588946,0.9224111
2021-07-20,0.079519756,0.92048025
2021-07-21,0.09475365,0.9052464
2021-07-22,0.077352375,0.9226476
2021-07-23,0.082141064,0.91785896
2021-07-26,0.09108407,0.90891594
2021-07-27,0.08500389,0.9149961
2021-07-28,0.08569455,0.91430545
2021-07-29,0.08520899,0.914791
2021-07-30,0.087080106,0.9129199
2021-08-02,0.0915853,0.9084147
2021-08-03,0.09504922,0.9049508
2021-08-04,0.087337345,0.9126626
2021-08-05,0.08481008,0.9151899
2021-08-06,0.08695661,0.9130434
2021-08-09,0.08013348,0.9198665
2021-08-10,0.088012256,0.9119877
2021-08-11,0.08749788,0.9125021
2021-08-12,0.08514374,0.91485626
2021-08-13,0.08648637,0.91351366
2021-08-16,0.082631454,0.91736853
2021-08-17,0.08137189,0.9186281
2021-08-18,0.0777964,0.9222036
2021-08-19,0.08715016,0.91284984
2021-08-20,0.08383764,0.9161624
2021-08-23,0.09192333,0.90807664
2021-08-24,0.088452674,0.9115473
2021-08-25,0.086577155,0.9134228
2021-08-26,0.086727485,0.9132725
2021-08-27,0.08367033,0.9163297
2021-08-30,0.084632985,0.915367
2021-08-31,0.077291764,0.9227082
2021-09-01,0.07820244,0.9217976
2021-09-02,0.08963834,0.91036165
2021-09-03,0.08950549,0.9104945
2021-09-07,0.08873936,0.91126066
2021-09-08,0.08361936,0.91638064
2021-09-09,0.08832012,0.91167986
2021-09-10,0.07840716,0.92159283
2021-09-13,0.08025204,0.91974795
2021-09-14,0.08936476,0.91063523
2021-09-15,0.0800863,0.9199137
2021-09-16,0.07393285,0.9260672
2021-09-17,0.08009984,0.9199002
2021-09-20,0.076522835,0.9234772
2021-09-21,0.078260966,0.92173904
2021-09-22,0.0839216,0.9160784
2021-09-23,0.07808322,0.9219168
2021-09-24,0.08696063,0.9130394
2021-09-27,0.07187076,0.92812926
2021-09-28,0.07757283,0.9224272
2021-09-29,0.0870184,0.9129816
2021-09-30,0.085813664,0.91418636
2021-10-01,0.08199483,0.91800517
2021-10-04,0.08524395,0.91475606
2021-10-05,0.08588236,0.91411763
2021-10-06,0.08825964,0.91174036
2021-10-07,0.08381012,0.9161899
2021-10-08,0.07705536,0.92294466
2021-10-11,0.08002234,0.91997766
2021-10-12,0.08402171,0.9159783
2021-10-13,0.088508405,0.9114916
2021-10-14,0.088709086,0.9112909
2021-10-15,0.092341006,0.907659
2021-10-18,0.089426756,0.91057324
2021-10-19,0.08554099,0.914459
2021-10-20,0.09234578,0.9076542
2021-10-21,0.08396012,0.9160399
2021-10-22,0.092303164,0.90769684
2021-10-25,0.08567524,0.91432476
2021-10-26,0.086547025,0.913453
2021-10-27,0.08661538,0.9133846
2021-10-28,0.08012642,0.9198736
2021-10-29,0.08376623,0.9162338
2021-11-01,0.087881625,0.9121184
2021-11-02,0.082000144,0.91799986
2021-11-03,0.08128682,0.9187132
2021-11-04,0.0862941,0.9137059
2021-11-05,0.09783846,0.90216154
2021-11-08,0.087491274,0.9125087
2021-11-09,0.08833923,0.9116608
2021-11-10,0.08599103,0.914009
2021-11-11,0.0816461,0.9183539
2021-11-12,0.082653865,0.9173461
2021-11-15,0.08853827,0.9114617
2021-11-16,0.08433438,0.9156656
2021-11-17,0.08595466,0.91404533
2021-11-18,0.08050141,0.91949856
2021-11-19,0.07624027,0.9237597
2021-11-22,0.077113524,0.9228865
2021-11-23,0.08166604,0.91833395
2021-11-24,0.079406075,0.9205939
2021-11-26,0.08134958,0.9186504
2021-11-29,0.07790429,0.9220957
2021-11-30,0.07842673,0.9215733
2021-12-01,0.07739057,0.92260945
2021-12-02,0.07774669,0.9222533
2021-12-03,0.07881877,0.9211812
2021-12-06,0.07874286,0.92125714
2021-12-07,0.08507283,0.9149272
2021-12-08,0.08251204,0.917488
2021-12-09,0.08331189,0.9166881
2021-12-10,0.07749568,0.9225043
2021-12-13,0.08092412,0.91907585
2021-12-14,0.08487449,0.9151255
2021-12-15,0.08346486,0.91653514
2021-12-16,0.0793488,0.9206512
2021-12-17,0.08432187,0.91567814
2021-12-20,0.087243244,0.91275674
2021-12-21,0.08317652,0.9168235
2021-12-22,0.08317503,0.91682494
2021-12-23,0.08236602,0.917634
2021-12-27,0.08966844,0.91033155
2021-12-28,0.0817527,0.9182473
2021-12-29,0.07645113,0.9235489
2021-12-30,0.079463966,0.92053604
2021-12-31,0.08108343,0.9189166
2022-01-03,0.09456077,0.90543926
2022-01-04,0.083642304,0.9163577
2022-01-05,0.08161474,0.91838527
2022-01-06,0.080767974,0.919232
2022-01-07,0.08460161,0.91539836
2022-01-10,0.084291495,0.9157085
2022-01-11,0.08115077,0.91884923
2022-01-12,0.082039155,0.9179608
2022-01-13,0.0838292,0.9161708
2022-01-14,0.09648459,0.9035154
2022-01-18,0.082526244,0.91747373
2022-01-19,0.085678786,0.9143212
2022-01-20,0.08472764,0.91527236
2022-01-21,0.085159644,0.91484034
2022-01-24,0.07976857,0.92023146
2022-01-25,0.08108814,0.9189119
2022-01-26,0.09365529,0.9063447
2022-01-27,0.08572923,0.91427076
2022-01-28,0.088091224,0.91190875
2022-01-31,0.08723658,0.9127634
2022-02-01,0.08691414,0.9130859
2022-02-02,0.08522466,0.9147754
2022-02-03,0.09465539,0.9053446
2022-02-04,0.08911211,0.9108879
2022-02-07,0.08700736,0.91299266
2022-02-08,0.08164722,0.9183528
2022-02-09,0.08043412,0.91956586
2022-02-10,0.08272426,0.9172757
2022-02-11,0.08241542,0.9175846
2022-02-14,0.085282154,0.91471785
2022-02-15,0.08754193,0.91245806
2022-02-16,0.08461251,0.9153875
2022-02-17,0.08404625,0.91595376
2022-02-18,0.08096372,0.91903627
2022-02-22,0.07919254,0.9208075
2022-02-23,0.08237256,0.91762745
2022-02-24,0.080031745,0.91996825
2022-02-25,0.08076805,0.91923195
2022-02-28,0.0861152,0.9138848
2022-03-01,0.08366004,0.91634
2022-03-02,0.08474514,0.91525483
2022-03-03,0.07907992,0.9209201
2022-03-04,0.085445,0.914555
2022-03-07,0.08188487,0.91811514
2022-03-08,0.08609592,0.9139041
2022-03-09,0.11413816,0.8858618
2022-03-10,0.086316146,0.91368383
2022-03-11,0.088032104,0.9119679
2022-03-14,0.09189406,0.90810597
2022-03-15,0.07940016,0.9205998
2022-03-16,0.084528506,0.9154715
2022-03-17,0.08590504,0.914095
2022-03-18,0.09391617,0.9060838
2022-03-21,0.08062438,0.9193756
2022-03-22,0.08951833,0.9104817
2022-03-23,0.07778777,0.92221224
2022-03-24,0.087904006,0.912096
2022-03-25,0.08135733,0.91864264
2022-03-28,0.08889094,0.9111091
2022-03-29,0.08363071,0.9163693
2022-03-30,0.08395631,0.9160437
2022-03-31,0.08945922,0.91054076
2022-04-01,0.07752047,0.9224795
2022-04-04,0.077238,0.922762
2022-04-05,0.08225558,0.9177444
2022-04-06,0.08845564,0.9115444
2022-04-07,0.08302763,0.9169724
2022-04-08,0.085165404,0.9148346
2022-04-11,0.08375767,0.91624236
2022-04-12,0.0826743,0.9173257
2022-04-13,0.07763057,0.9223694
2022-04-14,0.08381843,0.91618156
2022-04-18,0.08348292,0.9165171
2022-04-19,0.08813091,0.9118691
2022-04-20,0.08441849,0.9155815
2022-04-21,0.07631036,0.92368966
2022-04-22,0.07719809,0.9228019
2022-04-25,0.08387031,0.9161297
2022-04-26,0.07784864,0.9221513
2022-04-27,0.0806569,0.9193431
2022-04-28,0.08776076,0.91223925
2022-04-29,0.07615266,0.9238473
2022-05-02,0.07861744,0.92138255
2022-05-03,0.08187764,0.91812235
2022-05-04,0.082295656,0.91770434
2022-05-05,0.09061256,0.90938747
2022-05-06,0.08561859,0.9143814
2022-05-09,0.08059284,0.9194071
2022-05-10,0.08143565,0.9185643
2022-05-11,0.09588924,0.9041108
2022-05-12,0.091024294,0.9089757
2022-05-13,0.08519234,0.9148077
2022-05-16,0.0770542,0.9229458
2022-05-17,0.08062801,0.91937196
2022-05-18,0.08151753,0.9184825
2022-05-19,0.079064466,0.9209355
2022-05-20,0.08733198,0.912668
2022-05-23,0.08801746,0.91198254
2022-05-24,0.080369815,0.91963017
2022-05-25,0.09297915,0.90702087
2022-05-26,0.08451359,0.9154864
2022-05-27,0.08942536,0.9105746
2022-05-31,0.08659827,0.9134017
2022-06-01,0.083810866,0.91618913
2022-06-02,0.08292103,0.917079
2022-06-03,0.0864529,0.9135471
2022-06-06,0.08426441,0.9157356
2022-06-07,0.09044313,0.90955687
2022-06-08,0.08193098,0.918069
2022-06-09,0.08339845,0.91660154
2022-06-10,0.07444649,0.9255535
2022-06-13,0.084452845,0.91554713
2022-06-14,0.08671417,0.91328585
2022-06-15,0.088385284,0.9116147
2022-06-16,0.086996615,0.9130034
2022-06-17,0.08031978,0.91968024
2022-06-21,0.085214995,0.914785
2022-06-22,0.08006977,0.9199302
2022-06-23,0.08412071,0.9158793
2022-06-24,0.079516016,0.920484
2022-06-27,0.086301416,0.91369855
2022-06-28,0.08686145,0.91313857
2022-06-29,0.089051664,0.91094834
2022-06-30,0.09017479,0.9098252
2022-07-01,0.092899606,0.9071004
2022-07-05,0.08790714,0.91209286
2022-07-06,0.07896705,0.92103297
2022-07-07,0.07957827,0.9204217
2022-07-08,0.089351624,0.91064835
2022-07-11,0.09184745,0.9081526
2022-07-12,0.085266694,0.9147333
2022-07-13,0.07919231,0.9208077
2022-07-14,0.09408703,0.905913
2022-07-15,0.09971036,0.90028965
2022-07-18,0.09937838,0.90062165
2022-07-19,0.084866524,0.9151335
2022-07-20,0.09607239,0.9039276
2022-07-21,0.09455496,0.90544504
2022-07-22,0.08734077,0.9126592
2022-07-25,0.082534164,0.9174658
2022-07-26,0.08637944,0.9136206
2022-07-27,0.089520276,0.9104797
2022-07-28,0.07843441,0.9215656
2022-07-29,0.08309208,0.9169079
2022-08-01,0.088989645,0.9110104
2022-08-02,0.09171761,0.9082824
2022-08-03,0.08184345,0.91815656
2022-08-04,0.09219337,0.90780663
2022-08-05,0.08016678,0.91983324
2022-08-08,0.083021596,0.9169784
2022-08-09,0.08398202,0.916018
2022-08-10,0.09051719,0.90948284
2022-08-11,0.08236552,0.9176345
2022-08-12,0.087128595,0.9128714
2022-08-15,0.085475095,0.9145249
2022-08-16,0.08299651,0.9170035
2022-08-17,0.08621894,0.91378105
2022-08-18,0.08297529,0.91702473
2022-08-19,0.100265734,0.89973426
2022-08-22,0.084164836,0.91583514
2022-08-23,0.08941861,0.9105814
2022-08-24,0.09037218,0.9096278
2022-08-25,0.08518288,0.9148171
2022-08-26,0.096427076,0.9035729
2022-08-29,0.087085456,0.9129145
2022-08-30,0.08229662,0.9177034
2022-08-31,0.08443022,0.9155698
2022-09-01,0.08107292,0.9189271
2022-09-02,0.08639992,0.9136001
2022-09-06,0.09079183,0.9092082
2022-09-07,0.087773666,0.9122263
2022-09-08,0.082632944,0.91736704
2022-09-09,0.078989476,0.9210105
2022-09-12,0.08503995,0.91496
2022-09-13,0.07869832,0.92130166
2022-09-14,0.0801052,0.9198948
2022-09-15,0.0832728,0.9167272
2022-09-16,0.086629555,0.91337043
2022-09-19,0.08254073,0.91745925
2022-09-20,0.08104884,0.91895115
2022-09-21,0.09220467,0.9077953
2022-09-22,0.08452745,0.91547257
2022-09-23,0.082145214,0.9178548
2022-09-26,0.09103346,0.90896654
2022-09-27,0.09184368,0.90815634
2022-09-28,0.08093412,0.9190659
2022-09-29,0.084866144,0.91513383
2022-09-30,0.088154174,0.9118458
2022-10-03,0.08269451,0.91730547
2022-10-04,0.08051981,0.9194802
2022-10-05,0.09310291,0.90689707
2022-10-06,0.08348639,0.9165136
2022-10-07,0.08991597,0.910084
2022-10-10,0.07741191,0.9225881
2022-10-11,0.079135396,0.9208646
2022-10-12,0.07858332,0.9214167
2022-10-13,0.07972886,0.92027116
2022-10-14,0.089013666,0.9109863
2022-10-17,0.07931164,0.9206884
2022-10-18,0.10354492,0.89645505
2022-10-19,0.10242967,0.8975703
2022-10-20,0.08855013,0.91144985
2022-10-21,0.090229884,0.90977013
2022-10-24,0.074525334,0.92547464
2022-10-25,0.0946288,0.9053712
2022-10-26,0.09131369,0.9086863
2022-10-27,0.08655326,0.9134467
2022-10-28,0.08658432,0.9134157
2022-10-31,0.08173114,0.91826886
2022-11-01,0.087781504,0.9122185
2022-11-02,0.08151252,0.9184875
2022-11-03,0.08491162,0.91508836
2022-11-04,0.07838309,0.9216169
2022-11-07,0.08902648,0.91097355
2022-11-08,0.08211412,0.9178859
2022-11-09,0.08403951,0.9159605
2022-11-10,0.09309715,0.90690285
2022-11-11,0.08852987,0.9114701
2022-11-14,0.089008644,0.9109914
2022-11-15,0.093155734,0.90684426
2022-11-16,0.0807095,0.9192905
2022-11-17,0.08442343,0.9155766
2022-11-18,0.08784372,0.9121563
2022-11-21,0.082428604,0.9175714
2022-11-22,0.08385518,0.91614485
2022-11-23,0.085817605,0.9141824
2022-11-25,0.08294065,0.91705936
2022-11-28,0.08004609,0.91995394
2022-11-29,0.08237128,0.9176287
2022-11-30,0.08211546,0.9178845
2022-12-01,0.08129256,0.91870743
2022-12-02,0.082822144,0.91717786
2022-12-05,0.08257934,0.9174207
2022-12-06,0.08262525,0.91737473
2022-12-07,0.08142804,0.91857195
2022-12-08,0.07918539,0.92081463
2022-12-09,0.08517745,0.9148226
2022-12-12,0.07920215,0.9207978
2022-12-13,0.09008125,0.9099187
2022-12-14,0.08134122,0.9186588
2022-12-15,0.089404434,0.91059554
2022-12-16,0.088050015,0.91195
2022-12-19,0.08831325,0.9116868
2022-12-20,0.08884572,0.91115427
2022-12-21,0.08719869,0.9128013
2022-12-22,0.09017145,0.90982854
2022-12-23,0.08425723,0.91574275
2022-12-27,0.08171086,0.9182891
2022-12-28,0.083289035,0.916711
2022-12-29,0.076627746,0.92337227
2022-12-30,0.11072132,0.88927865
2023-01-03,0.07641389,0.92358613
2023-01-04,0.086894386,0.9131056
2023-01-05,0.084497124,0.9155029
2023-01-06,0.084454864,0.9155451
2023-01-09,0.08469278,0.9153072
2023-01-10,0.08095588,0.91904414
2023-01-11,0.08539394,0.91460603
2023-01-12,0.08856628,0.9114337
2023-01-13,0.07873126,0.92126876
2023-01-17,0.08897798,0.911022
2023-01-18,0.08137216,0.91862786
2023-01-19,0.08349697,0.916503
2023-01-20,0.07972533,0.9202747
2023-01-23,0.08216886,0.9178311
2023-01-24,0.078755915,0.9212441
2023-01-25,0.08214924,0.91785073
2023-01-26,0.0875858,0.9124142
2023-01-27,0.08633945,0.9136605
2023-01-30,0.08746354,0.91253644
2023-01-31,0.08652758,0.9134724
2023-02-01,0.08464373,0.9153563
2023-02-02,0.07769352,0.9223065
2023-02-03,0.084087506,0.9159125
2023-02-06,0.070160046,0.92983997
2023-02-07,0.08716242,0.91283756
2023-02-08,0.07188158,0.9281184
2023-02-09,0.07402993,0.9259701
2023-02-10,0.073902294,0.9260977
2023-02-13,0.079634994,0.920365
2023-02-14,0.08509468,0.9149053
2023-02-15,0.07914888,0.9208511
2023-02-16,0.08665348,0.9133465
2023-02-17,0.08145505,0.91854495
2023-02-21,0.086842835,0.91315717
2023-02-22,0.077762954,0.92223704
2023-02-23,0.084783,0.915217
2023-02-24,0.083941005,0.916059
2023-02-27,0.09229891,0.9077011
2023-02-28,0.09143924,0.90856075
2023-03-01,0.081420034,0.91857994
2023-03-02,0.07922322,0.9207768
2023-03-03,0.081485435,0.91851455
2023-03-06,0.08955641,0.9104436
2023-03-07,0.0806943,0.9193057
2023-03-08,0.081234016,0.91876596
2023-03-09,0.07867188,0.9213281
2023-03-10,0.07962785,0.9203721
2023-03-13,0.08299228,0.91700774
2023-03-14,0.08215559,0.9178444
2023-03-15,0.0773908,0.9226092
2023-03-16,0.08068034,0.9193196
2023-03-17,0.083010234,0.91698974
2023-03-20,0.08236326,0.91763675
2023-03-21,0.08083111,0.9191689
2023-03-22,0.08568529,0.9143147
2023-03-23,0.083821274,0.9161787
2023-03-24,0.079530425,0.9204696
2023-03-27,0.079821385,0.9201786
2023-03-28,0.082538776,0.9174612
2023-03-29,0.08137122,0.9186288
2023-03-30,0.08035213,0.9196479
2023-03-31,0.08565869,0.91434133
2023-04-03,0.081832446,0.91816753
2023-04-04,0.0895118,0.9104882
2023-04-05,0.087756135,0.91224384
2023-04-06,0.08534415,0.91465586
2023-04-10,0.07853982,0.92146015
2023-04-11,0.09668552,0.9033145
2023-04-12,0.0892175,0.9107825
2023-04-13,0.07931364,0.92068636
2023-04-14,0.08250922,0.9174908
2023-04-17,0.08897699,0.911023
2023-04-18,0.07948668,0.92051333
2023-04-19,0.07607321,0.9239268
2023-04-20,0.092520006,0.90748
2023-04-21,0.09294316,0.9070568
2023-04-24,0.08765278,0.9123472
2023-04-25,0.0776694,0.9223306
2023-04-26,0.08707643,0.9129236
2023-04-27,0.07958576,0.9204142
2023-04-28,0.07960101,0.920399
2023-05-01,0.084565125,0.9154349
2023-05-02,0.07840994,0.9215901
2023-05-03,0.08332286,0.9166771
2023-05-04,0.07684523,0.9231548
2023-05-05,0.088174604,0.9118254
2023-05-08,0.08103035,0.91896963
2023-05-09,0.09519467,0.9048053
2023-05-10,0.07613268,0.92386734
2023-05-11,0.08606117,0.9139388
2023-05-12,0.078936696,0.9210633
2023-05-15,0.0846339,0.9153661
2023-05-16,0.08718238,0.9128176
2023-05-17,0.09925108,0.9007489
2023-05-18,0.08910708,0.9108929
2023-05-19,0.09362647,0.9063735
2023-05-22,0.083033435,0.91696656
2023-05-23,0.08751004,0.91248995
2023-05-24,0.08344692,0.9165531
2023-05-25,0.081566885,0.9184331
2023-05-26,0.08536759,0.91463244
2023-05-30,0.083606035,0.916394
2023-05-31,0.0881174,0.9118826
2023-06-01,0.08229752,0.9177025
2023-06-02,0.08297329,0.9170267
2023-06-05,0.08042001,0.91958
2023-06-06,0.0810035,0.9189965
2023-06-07,0.07749362,0.9225064
2023-06-08,0.08415635,0.91584367
2023-06-09,0.08215887,0.91784114
2023-06-12,0.07861419,0.9213858
2023-06-13,0.08343907,0.91656095
2023-06-14,0.08717919,0.9128208
2023-06-15,0.076791145,0.92320883
2023-06-16,0.08741622,0.91258377
2023-06-20,0.08249473,0.91750526
2023-06-21,0.088953525,0.9110465
2023-06-22,0.08092294,0.91907704
2023-06-23,0.083134644,0.91686535
2023-06-26,0.0835782,0.9164218
2023-06-27,0.079803,0.920197
2023-06-28,0.08285169,0.9171483
2023-06-29,0.07993701,0.920063
2023-06-30,0.08340682,0.9165932
2023-07-03,0.08180909,0.9181909
2023-07-05,0.07745512,0.9225449
2023-07-06,0.07988747,0.92011255
2023-07-07,0.08683897,0.91316104
2023-07-10,0.08908895,0.9109111
2023-07-11,0.080749996,0.91925
2023-07-12,0.08406571,0.91593426
2023-07-13,0.08062578,0.9193742
2023-07-14,0.073997095,0.9260029
2023-07-17,0.08785381,0.9121462
2023-07-18,0.08327937,0.9167206
2023-07-19,0.09005272,0.9099473
2023-07-20,0.08937304,0.91062695
2023-07-21,0.08331618,0.9166838
2023-07-24,0.082374856,0.9176251
2023-07-25,0.09149948,0.90850055
2023-07-26,0.09881666,0.90118337
2023-07-27,0.08436144,0.91563857
2023-07-28,0.09189572,0.9081043
2023-07-31,0.0900602,0.9099398
2023-08-01,0.0839809,0.9160191
2023-08-02,0.07924694,0.92075306
2023-08-03,0.099518135,0.9004819
2023-08-04,0.10930916,0.89069086
2023-08-07,0.09194622,0.90805376
2023-08-08,0.09541282,0.90458715
2023-08-09,0.09152102,0.908479
2023-08-10,0.0905399,0.90946007
2023-08-11,0.07687406,0.9231259
2023-08-14,0.08557274,0.9144273
2023-08-15,0.084798925,0.91520107
2023-08-16,0.085574016,0.91442597
2023-08-17,0.091571264,0.9084287
2023-08-18,0.09009954,0.9099004
2023-08-21,0.10449392,0.8955061
2023-08-22,0.10501851,0.8949815
2023-08-23,0.09317217,0.9068278
2023-08-24,0.08608473,0.9139153
2023-08-25,0.0960766,0.9039234
2023-08-28,0.08639315,0.9136069
2023-08-29,0.08652778,0.91347224
2023-08-30,0.08608675,0.91391325
2023-08-31,0.08988119,0.9101188
2023-09-01,0.081638984,0.918361
2023-09-05,0.08683142,0.91316855
2023-09-06,0.08299844,0.91700155
2023-09-07,0.08044747,0.9195525
2023-09-08,0.0855161,0.9144839
2023-09-11,0.083768174,0.9162318
2023-09-12,0.09454199,0.90545803
2023-09-13,0.08333015,0.91666985
2023-09-14,0.08370867,0.91629136
2023-09-15,0.08863752,0.91136247
2023-09-18,0.087025404,0.9129746
2023-09-19,0.08703973,0.9129603
2023-09-20,0.08134873,0.9186513
2023-09-21,0.081864804,0.91813517
2023-09-22,0.08316244,0.9168376
2023-09-25,0.07672399,0.923276
2023-09-26,0.07706945,0.92293054
2023-09-27,0.08366147,0.91633856
2023-09-28,0.08242223,0.91757774
2023-09-29,0.08660746,0.91339254
2023-10-02,0.08357916,0.9164208
2023-10-03,0.08026361,0.9197364
2023-10-04,0.08057799,0.91942203
2023-10-05,0.07814994,0.9218501
2023-10-06,0.07861631,0.9213837
2023-10-09,0.08574221,0.91425776
2023-10-10,0.08634701,0.913653
2023-10-11,0.08378811,0.9162119
2023-10-12,0.08421194,0.91578805
2023-10-13,0.0839337,0.9160663
2023-10-16,0.079570204,0.9204298
2023-10-17,0.08400219,0.9159978
2023-10-18,0.083602875,0.9163971
2023-10-19,0.08268268,0.91731733
2023-10-20,0.080179796,0.9198202
2023-10-23,0.08221598,0.91778404
2023-10-24,0.081959635,0.9180404
2023-10-25,0.08295925,0.91704077
2023-10-26,0.08267297,0.91732705
2023-10-27,0.08838338,0.9116166
2023-10-30,0.082475595,0.9175244
2023-10-31,0.08521226,0.91478777
2023-11-01,0.09126425,0.90873575
2023-11-02,0.086584985,0.913415
2023-11-03,0.082799785,0.9172002
2023-11-06,0.091950506,0.90804946
2023-11-07,0.08476926,0.91523075
2023-11-08,0.081493996,0.918506
2023-11-09,0.08084375,0.91915625
2023-11-10,0.0877632,0.9122368
2023-11-13,0.07765635,0.9223437
2023-11-14,0.08803242,0.9119676
2023-11-15,0.07839979,0.9216002
2023-11-16,0.08449583,0.91550416
2023-11-17,0.082246244,0.91775376
2023-11-20,0.08491346,0.9150865
2023-11-21,0.08606512,0.9139349
2023-11-22,0.09527499,0.904725
2023-11-24,0.08375029,0.9162497
2023-11-27,0.08887138,0.91112864
2023-11-28,0.08280322,0.91719675
2023-11-29,0.0833935,0.9166065
2023-11-30,0.08789942,0.91210055
2023-12-01,0.08664016,0.9133598
2023-12-04,0.06800207,0.93199795
2023-12-05,0.09166262,0.90833735
2023-12-06,0.088592395,0.9114076
2023-12-07,0.0817256,0.9182744
2023-12-08,0.08770652,0.9122935
2023-12-11,0.08559628,0.91440374
2023-12-12,0.09253468,0.90746534
2023-12-13,0.08749219,0.91250783
2023-12-14,0.0940022,0.9059978
2023-12-15,0.08865528,0.9113447
2023-12-18,0.09876357,0.9012364
2023-12-19,0.09682956,0.90317047
2023-12-20,0.088738576,0.91126144
2023-12-21,0.08887393,0.9111261
2023-12-22,0.08493983,0.91506016
2023-12-26,0.08209454,0.91790545
2023-12-27,0.08128199,0.918718
2023-12-28,0.076938,0.92306197
2023-12-29,0.07811309,0.9218869
2024-01-02,0.08492388,0.91507614
2024-01-03,0.078265876,0.9217341
2024-01-04,0.0786849,0.9213151
2024-01-05,0.08304158,0.91695845
2024-01-08,0.084950045,0.91504997
2024-01-09,0.087925375,0.9120746
2024-01-10,0.082459554,0.91754043
2024-01-11,0.09133397,0.908666
2024-01-12,0.098246664,0.9017533
2024-01-16,0.095454544,0.9045454
2024-01-17,0.09061692,0.90938306
2024-01-18,0.09261513,0.9073849
2024-01-19,0.08462389,0.9153761
2024-01-22,0.073098786,0.9269012
2024-01-23,0.09401922,0.90598077
2024-01-24,0.08674785,0.9132522
2024-01-25,0.08107597,0.91892403
2024-01-26,0.07942956,0.92057043
2024-01-29,0.08670929,0.91329074
2024-01-30,0.087386616,0.9126134
2024-01-31,0.07946627,0.9205337
2024-02-01,0.083716795,0.9162832
2024-02-02,0.08767905,0.912321
2024-02-05,0.08182509,0.9181749
2024-02-06,0.08576632,0.9142337
2024-02-07,0.09306055,0.90693945
2024-02-08,0.08559994,0.91440004
2024-02-09,0.079505794,0.9204942
2024-02-12,0.09309911,0.9069009
2024-02-13,0.084164,0.915836
2024-02-14,0.088401616,0.9115984
2024-02-15,0.094024174,0.9059758
2024-02-16,0.08770552,0.9122945
2024-02-20,0.08402667,0.9159733
2024-02-21,0.08097073,0.9190293
2024-02-22,0.07986693,0.92013305
2024-02-23,0.08014225,0.91985774
2024-02-26,0.09408888,0.9059111
2024-02-27,0.09611328,0.90388674
2024-02-28,0.080621384,0.91937864
2024-02-29,0.093985654,0.9060143
2024-03-01,0.086220846,0.91377914
2024-03-04,0.08474976,0.91525024
2024-03-05,0.0784933,0.9215067
2024-03-06,0.07859845,0.92140156
2024-03-07,0.08948165,0.91051835
2024-03-08,0.080659635,0.9193404
2024-03-11,0.083905555,0.9160944
2024-03-12,0.079904065,0.9200959
2024-03-13,0.078819975,0.92118
2024-03-14,0.08741457,0.91258544
2024-03-15,0.078887165,0.92111284
2024-03-18,0.0794801,0.9205199
2024-03-19,0.08232692,0.9176731
2024-03-20,0.08173856,0.9182614
2024-03-21,0.08436202,0.91563797
2024-03-22,0.08359045,0.91640955
2024-03-25,0.08803079,0.9119692
2024-03-26,0.08044908,0.9195509
2024-03-27,0.08797192,0.9120281
2024-03-28,0.08855806,0.9114419
2024-04-01,0.08638824,0.91361177
2024-04-02,0.08569033,0.9143097
2024-04-03,0.08367263,0.91632736
2024-04-04,0.0987148,0.9012852
2024-04-05,0.090994075,0.90900594
2024-04-08,0.080661915,0.9193381
2024-04-09,0.07982228,0.9201777
2024-04-10,0.08555123,0.91444874
2024-04-11,0.085533746,0.91446626
2024-04-12,0.08161544,0.91838455
2024-04-15,0.080716446,0.91928357
2024-04-16,0.087597586,0.9124024
2024-04-17,0.08066562,0.9193344
2024-04-18,0.085400626,0.91459936
2024-04-19,0.08443735,0.9155626
2024-04-22,0.078289196,0.9217108
2024-04-23,0.08350125,0.9164988
2024-04-24,0.08224463,0.91775537
2024-04-25,0.07825704,0.921743
2024-04-26,0.086907536,0.9130925
2024-04-29,0.08395148,0.9160485
2024-04-30,0.08743997,0.91256005
2024-05-01,0.08899815,0.91100186
2024-05-02,0.086663574,0.9133364
2024-05-03,0.07647655,0.9235234
2024-05-06,0.08494203,0.91505796
2024-05-07,0.08107218,0.9189278
2024-05-08,0.08646249,0.9135375
2024-05-09,0.08673129,0.9132687
2024-05-10,0.09057257,0.9094274
2024-05-13,0.0864177,0.9135823
2024-05-14,0.084237814,0.9157622
2024-05-15,0.08114079,0.91885924
2024-05-16,0.085889265,0.9141107
2024-05-17,0.08568137,0.9143186
2024-05-20,0.084222905,0.9157771
2024-05-21,0.09112351,0.9088765
2024-05-22,0.08275155,0.9172484
2024-05-23,0.08763658,0.9123634
2024-05-24,0.088824965,0.911175
2024-05-28,0.08009965,0.91990036
2024-05-29,0.088749036,0.91125095
2024-05-30,0.07761419,0.9223858
2024-05-31,0.07856951,0.92143047
2024-06-03,0.09111244,0.90888757
2024-06-04,0.08870257,0.91129744
2024-06-05,0.08149817,0.91850185
2024-06-06,0.07638935,0.9236106
2024-06-07,0.076395415,0.9236046
2024-06-10,0.08067418,0.9193258
2024-06-11,0.08606454,0.9139355
2024-06-12,0.08806904,0.911931
2024-06-13,0.07855572,0.9214443
2024-06-14,0.082124196,0.9178758
2024-06-17,0.08153738,0.91846263
2024-06-18,0.083732024,0.916268
2024-06-20,0.07696393,0.9230361
2024-06-21,0.081850834,0.9181492
2024-06-24,0.07839788,0.92160213
2024-06-25,0.0752567,0.9247433
2024-06-26,0.07829122,0.92170876
2024-06-27,0.078324445,0.92167556
2024-06-28,0.07973305,0.9202669
2024-07-01,0.08880674,0.91119325
2024-07-02,0.08150063,0.91849935
2024-07-03,0.09259455,0.90740544
2024-07-05,0.08021,0.91979
2024-07-08,0.08016293,0.91983706
2024-07-09,0.08078329,0.9192167
2024-07-10,0.08482985,0.91517013
2024-07-11,0.08943072,0.9105693
2024-07-12,0.08685842,0.9131416
2024-07-15,0.082552604,0.9174474
2024-07-16,0.08473223,0.91526777
2024-07-17,0.0962299,0.9037701
2024-07-18,0.08557081,0.9144292
2024-07-19,0.08210043,0.91789955
2024-07-22,0.085034855,0.91496515
2024-07-23,0.083129205,0.9168708
2024-07-24,0.0830461,0.9169539
2024-07-25,0.07874219,0.9212578
2024-07-26,0.07686621,0.9231338
2024-07-29,0.08119623,0.91880375
2024-07-30,0.094410144,0.9055899
2024-07-31,0.09110501,0.908895
2024-08-01,0.081905395,0.91809464
2024-08-02,0.08112431,0.9188757
2024-08-05,0.077835746,0.92216426
2024-08-06,0.084759995,0.91524
2024-08-07,0.08091298,0.91908705
2024-08-08,0.0824811,0.9175189
2024-08-09,0.082646,0.917354
2024-08-12,0.088137455,0.91186255
2024-08-13,0.0888254,0.9111746
2024-08-14,0.08682346,0.91317654
2024-08-15,0.09139807,0.90860194
2024-08-16,0.08080353,0.9191965
2024-08-19,0.079553336,0.92044663
2024-08-20,0.09697948,0.9030205
2024-08-21,0.078749835,0.92125016
2024-08-22,0.07798215,0.9220179
2024-08-23,0.08200658,0.9179934
2024-08-26,0.09266483,0.90733516
2024-08-27,0.08356804,0.91643196
2024-08-28,0.08300151,0.9169985
2024-08-29,0.0901317,0.9098683
2024-08-30,0.08520129,0.91479874
2024-09-03,0.08011688,0.91988313
2024-09-04,0.0804253,0.9195747
2024-09-05,0.08497193,0.9150281
2024-09-06,0.08406951,0.9159305
2024-09-09,0.0833136,0.9166864
2024-09-10,0.07586705,0.92413294
2024-09-11,0.090076864,0.90992314
2024-09-12,0.08779091,0.9122091
2024-09-13,0.09591628,0.9040837
2024-09-16,0.08114955,0.9188504
2024-09-17,0.09783829,0.9021617
2024-09-18,0.08307745,0.91692257
2024-09-19,0.08176609,0.91823393
2024-09-20,0.08648846,0.9135115
2024-09-23,0.08670987,0.91329014
2024-09-24,0.084248155,0.9157518
2024-09-25,0.10166498,0.89833504
2024-09-26,0.086483285,0.9135167
2024-09-27,0.084932305,0.9150677
2024-09-30,0.08222171,0.9177783
2024-10-01,0.09139787,0.9086021
2024-10-02,0.0818292,0.9181708
2024-10-03,0.080860525,0.9191395
2024-10-04,0.08849491,0.9115051
2024-10-07,0.085504435,0.9144956
2024-10-08,0.08293901,0.917061
2024-10-09,0.08517314,0.91482687
2024-10-10,0.082921006,0.917079
2024-10-11,0.08064966,0.9193503
2024-10-14,0.078917354,0.9210826
2024-10-15,0.0862425,0.9137575
2024-10-16,0.081437685,0.9185623
2024-10-17,0.07950351,0.92049646
2024-10-18,0.087300405,0.9126996
2024-10-21,0.084275186,0.9157248
2024-10-22,0.0951969,0.9048031
2024-10-23,0.08590435,0.91409564
2024-10-24,0.07747835,0.92252165
2024-10-25,0.090219505,0.9097805
2024-10-28,0.084612876,0.91538715
2024-10-29,0.08262607,0.91737396
2024-10-30,0.07716478,0.92283523
2024-10-31,0.08535734,0.9146427
2024-11-01,0.08503602,0.91496396
2024-11-04,0.07826917,0.9217308
2024-11-05,0.08404542,0.9159546
2024-11-06,0.08224948,0.91775054
2024-11-07,0.09170799,0.908292
2024-11-08,0.086104795,0.9138952
2024-11-11,0.09593522,0.9040648
2024-11-12,0.09498844,0.90501153
2024-11-13,0.0755609,0.9244391
2024-11-14,0.08657966,0.9134203
2024-11-15,0.08683216,0.91316783
2024-11-18,0.07648183,0.9235182
2024-11-19,0.08737966,0.91262037
2024-11-20,0.08604544,0.91395456
2024-11-21,0.08145332,0.9185467
2024-11-22,0.07913357,0.92086643
2024-11-25,0.08127501,0.918725
2024-11-26,0.07877664,0.92122334
2024-11-27,0.09620305,0.903797
2024-11-29,0.087623015,0.912377
2024-12-02,0.085126616,0.91487336
2024-12-03,0.08412842,0.91587156
2024-12-04,0.07851051,0.9214895
2024-12-05,0.08131543,0.9186846
2024-12-06,0.07285909,0.9271409
2024-12-09,0.07372375,0.92627627
2024-12-10,0.08705469,0.91294533
2024-12-11,0.07920115,0.92079884
2024-12-12,0.08873375,0.91126627
2024-12-13,0.07527738,0.9247226
2024-12-16,0.07713629,0.9228637
2024-12-17,0.08604267,0.91395736
2024-12-18,0.08534572,0.91465425
2024-12-19,0.07867428,0.92132574
2024-12-20,0.08941344,0.91058654
2024-12-23,0.08196286,0.9180371
2024-12-24,0.081698745,0.9183012
2024-12-26,0.07625558,0.92374444
2024-12-27,0.06948707,0.9305129
2024-12-30,0.08383898,0.916161
2024-12-31,0.085861064,0.9141389
2025-01-02,0.08060865,0.91939133
2025-01-03,0.087985724,0.91201425
2025-01-06,0.083675586,0.91632444
2025-01-07,0.08467156,0.91532844
2025-01-08,0.08823334,0.91176665
2025-01-10,0.08794583,0.9120542
2025-01-13,0.08254001,0.91745996
2025-01-14,0.08142949,0.9185705
2025-01-15,0.08572238,0.9142776
2025-01-16,0.089278795,0.9107212
2025-01-17,0.092098266,0.90790176
2025-01-21,0.08037498,0.91962504
2025-01-22,0.08548683,0.9145132
2025-01-23,0.08548564,0.91451436
2025-01-24,0.0861702,0.9138298
2025-01-27,0.07910185,0.92089814
2025-01-28,0.08353305,0.91646695
2025-01-29,0.08327243,0.91672754
2025-01-30,0.07934062,0.92065936
2025-01-31,0.0838102,0.9161898
2025-02-03,0.081429794,0.9185702
2025-02-04,0.08497827,0.9150217
2025-02-05,0.07783124,0.92216873
2025-02-06,0.09109767,0.90890235
2025-02-07,0.08545003,0.91454995
2025-02-10,0.08599145,0.91400856
2025-02-11,0.082667895,0.9173321
2025-02-12,0.081352,0.918648
2025-02-13,0.08490441,0.91509557
2025-02-14,0.084467106,0.9155329
2025-02-18,0.08385969,0.9161403
2025-02-19,0.08248592,0.9175141
2025-02-20,0.08817549,0.9118245
2025-02-21,0.08102659,0.9189734
2025-02-24,0.083501294,0.9164987
2025-02-25,0.081039235,0.91896075
2025-02-26,0.07604148,0.92395854
2025-02-27,0.08645899,0.913541
2025-02-28,0.07868854,0.92131144
2025-03-03,0.078552395,0.92144763
2025-03-04,0.08669258,0.9133074
2025-03-05,0.078076765,0.9219232
2025-03-06,0.07346132,0.9265387
2025-03-07,0.08731094,0.9126891
2025-03-10,0.09078035,0.9092196
2025-03-11,0.089417525,0.9105825
2025-03-12,0.08595517,0.91404486
2025-03-13,0.078711815,0.9212882
2025-03-14,0.08489416,0.9151058
2025-03-17,0.08365164,0.91634834
2025-03-18,0.085899875,0.9141001
2025-03-19,0.090414256,0.9095857
2025-03-20,0.095446385,0.9045536
2025-03-21,0.086278304,0.9137217
2025-03-24,0.08435321,0.9156468
2025-03-25,0.08318159,0.9168184
2025-03-26,0.07761888,0.9223811
2025-03-27,0.082395576,0.91760445
2025-03-28,0.08651835,0.91348165
2025-03-31,0.1128855,0.8871145
2025-04-01,0.089611426,0.9103886
2025-04-02,0.09363775,0.90636224
2025-04-03,0.087375425,0.9126246
2025-04-04,0.08656566,0.9134343
2025-04-07,0.07770507,0.9222949
2025-04-08,0.08392306,0.91607696
2025-04-09,0.08619189,0.9138081
2025-04-10,0.08602683,0.91397315
2025-04-11,0.09239402,0.907606
2025-04-14,0.08446104,0.91553897
2025-04-15,0.08140795,0.91859204
2025-04-16,0.087781094,0.9122189
2025-04-17,0.09304865,0.90695137
2025-04-21,0.07784979,0.9221502
2025-04-22,0.08254175,0.91745824
2025-04-23,0.0794312,0.9205688
2025-04-24,0.09177381,0.9082262
2025-04-25,0.076840915,0.92315906
2025-04-28,0.083214395,0.9167856
2025-04-29,0.088206865,0.9117931
2025-04-30,0.08598519,0.9140148
2025-05-01,0.08224989,0.9177501
2025-05-02,0.0828264,0.9171736
2025-05-05,0.087726705,0.9122733
2025-05-06,0.08435655,0.91564345
2025-05-07,0.0860516,0.9139484
2025-05-08,0.097369604,0.9026304
2025-05-09,0.088368356,0.91163164
2025-05-12,0.08147986,0.91852015
2025-05-13,0.092949145,0.90705085
2025-05-14,0.07990316,0.9200968
2025-05-15,0.085262276,0.9147377
2025-05-16,0.08274964,0.91725034
2025-05-19,0.08022846,0.91977155
2025-05-20,0.09529532,0.9047047
2025-05-21,0.087079875,0.9129201
2025-05-22,0.08234324,0.9176568
2025-05-23,0.1042259,0.8957741
2025-05-27,0.093296625,0.90670335
2025-05-28,0.082429126,0.9175709
2025-05-29,0.07854786,0.92145216
2025-05-30,0.09899548,0.90100455
2025-06-02,0.08254596,0.91745406
2025-06-03,0.084947646,0.91505235
2025-06-04,0.09058288,0.90941715
2025-06-05,0.092314824,0.90768516
2025-06-06,0.096827924,0.9031721
2025-06-09,0.08151539,0.9184846
2025-06-10,0.08217127,0.91782874
2025-06-11,0.087008856,0.91299117
2025-06-12,0.080046065,0.91995394
2025-06-13,0.08355869,0.9164413
2025-06-16,0.08789934,0.9121007
2025-06-17,0.08162041,0.9183796
2025-06-18,0.08317935,0.91682065
2025-06-20,0.08734416,0.91265583
2025-06-23,0.09086218,0.90913785
2025-06-24,0.083712064,0.91628796
2025-06-25,0.08840554,0.91159445
2025-06-26,0.088844575,0.9111554
2025-06-27,0.079273775,0.92072624
2025-06-30,0.08600561,0.9139944
2025-07-01,0.080470264,0.91952974
2025-07-02,0.08366082,0.91633916
2025-07-03,0.09403678,0.90596324
2025-07-07,0.07633443,0.9236656
2025-07-08,0.08540324,0.91459674
2025-07-09,0.0970697,0.9029303
2025-07-10,0.0867907,0.9132093
2025-07-11,0.08344548,0.9165545
2025-07-14,0.08446533,0.9155347
2025-07-15,0.077686355,0.92231363
2025-07-16,0.08991849,0.9100815
2025-07-17,0.07746013,0.9225399
2025-07-18,0.091187984,0.90881205
2025-07-21,0.083056204,0.9169438
2025-07-22,0.08267688,0.9173231
2025-07-23,0.07822995,0.92177004
2025-07-24,0.08086302,0.919137
2025-07-25,0.08628732,0.9137127
2025-07-28,0.08072459,0.9192754
2025-07-29,0.08238759,0.91761243
2025-07-30,0.0836245,0.9163755
2025-07-31,0.07575043,0.9242496
2025-08-01,0.07827581,0.9217242
2025-08-04,0.08567303,0.91432697
2025-08-05,0.08340911,0.91659087
2025-08-06,0.08420634,0.91579366
2025-08-07,0.08320525,0.9167948
2025-08-08,0.07574587,0.9242541
2025-08-11,0.086618334,0.9133817
2025-08-12,0.08379545,0.9162046
2025-08-13,0.086439036,0.913561
2025-08-14,0.077549584,0.9224504
2025-08-15,0.07770953,0.92229044
2025-08-18,0.09143076,0.9085692
2025-08-19,0.084227115,0.9157729
2025-08-20,0.09396999,0.90603
2025-08-21,0.082819946,0.91718006
2025-08-22,0.08638057,0.9136194
2025-08-25,0.08858261,0.91141737
2025-08-26,0.080404796,0.9195952
2025-08-27,0.10175035,0.8982496
2025-08-28,0.097056314,0.9029437
2025-08-29,0.086731285,0.9132687
2025-09-02,0.08798045,0.91201955
2025-09-03,0.08269493,0.91730505
2025-09-04,0.093361445,0.90663856
2025-09-05,0.0767174,0.9232826
2025-09-08,0.08385119,0.9161488
2025-09-09,0.080060214,0.91993976
2025-09-10,0.08980537,0.91019464
2025-09-11,0.07760224,0.92239773
2025-09-12,0.07917426,0.9208257
2025-09-15,0.08583712,0.9141629
2025-09-16,0.07232386,0.92767614
2025-09-17,0.08699137,0.91300863
2025-09-18,0.08260782,0.9173922
2025-09-19,0.10218927,0.8978107
2025-09-22,0.08237498,0.917625
2025-09-23,0.082722634,0.91727734
2025-09-24,0.08875095,0.91124904
2025-09-25,0.08553622,0.91446376
2025-09-26,0.0791018,0.9208982
2025-09-29,0.077296734,0.92270327
2025-09-30,0.07860202,0.921398
2025-10-01,0.088356264,0.91164374
2025-10-02,0.08444081,0.9155592
2025-10-03,0.082056716,0.9179433
2025-10-06,0.08670398,0.91329604
2025-10-07,0.08982413,0.91017586
2025-10-08,0.084033206,0.9159668
2025-10-09,0.0864676,0.9135324
2025-10-10,0.095190585,0.9048094
2025-10-13,0.083434604,0.9165654
2025-10-14,0.08836406,0.91163594
2025-10-15,0.08598378,0.91401625
2025-10-16,0.08313049,0.9168695
2025-10-17,0.08469159,0.9153084
2025-10-20,0.07949179,0.9205082
2025-10-21,0.08310509,0.9168949
2025-10-22,0.07858955,0.92141044
2025-10-23,0.091946505,0.9080535
2025-10-24,0.084221385,0.91577864
2025-10-27,0.08149623,0.91850376
2025-10-28,0.080851056,0.9191489
2025-10-29,0.08311149,0.91688854
2025-10-30,0.09142837,0.9085716
2025-10-31,0.07849328,0.9215067
2025-11-03,0.08558938,0.9144106
2025-11-04,0.085264035,0.914736
2025-11-05,0.10232819,0.8976718
2025-11-06,0.080135144,0.91986483
2025-11-07,0.08566193,0.91433805
2025-11-10,0.07852057,0.9214794
2025-11-11,0.08445031,0.9155497
2025-11-12,0.07867849,0.9213215
2025-11-13,0.080350325,0.91964966
2025-11-14,0.08437406,0.91562593
2025-11-17,0.08418329,0.9158167
2025-11-18,0.08665418,0.9133458
2025-11-19,0.08240869,0.91759133
2025-11-20,0.075550295,0.9244497
2025-11-21,0.09012721,0.9098728
2025-11-24,0.08360204,0.9163979
2025-11-25,0.08305968,0.91694033
2025-11-26,0.08005643,0.9199436
2025-11-28,0.0938454,0.90615463
2025-12-01,0.08872166,0.91127837
2025-12-02,0.07855391,0.9214461
2025-12-03,0.0954778,0.9045222
2025-12-04,0.08437364,0.91562635
2025-12-05,0.076288305,0.9237117
2025-12-08,0.08170224,0.91829777
2025-12-09,0.09478073,0.90521926
2025-12-10,0.089370936,0.91062903
2025-12-11,0.0933045,0.9066955
2025-12-12,0.081059724,0.9189403
2025-12-15,0.08420444,0.91579556
2025-12-16,0.088851005,0.911149
2025-12-17,0.08619447,0.91380554
2025-12-18,0.0894369,0.9105631
2025-12-19,0.0830166,0.9169834
2025-12-22,0.08356097,0.91643906
2025-12-23,0.08680057,0.9131994
2025-12-24,0.08816741,0.9118326
2025-12-26,0.08821314,0.91178685
2025-12-29,0.09029432,0.9097057
2025-12-30,0.08176092,0.91823906
2025-12-31,0.08636063,0.91363937
2026-01-02,0.08037563,0.9196244
2026-01-05,0.08302626,0.9169737
2026-01-06,0.07996287,0.92003715
2026-01-07,0.078280725,0.92171925
2026-01-08,0.08351034,0.91648966
2026-01-09,0.08247228,0.91752774
2026-01-12,0.083178826,0.9168212
2026-01-13,0.08013663,0.91986334
2026-01-14,0.0819481,0.9180519
2026-01-15,0.081593215,0.9184068
2026-01-16,0.085920244,0.9140798
2026-01-20,0.09134269,0.9086573
2026-01-21,0.081299335,0.9187007
2026-01-22,0.07765294,0.92234707
2026-01-23,0.08284142,0.9171586
2026-01-26,0.077150375,0.92284966
2026-01-27,0.07766796,0.92233205
2026-01-28,0.08270523,0.91729474
2026-01-29,0.080704145,0.91929585
2026-01-30,0.08333541,0.9166646
2026-02-02,0.07882482,0.9211752
2026-02-03,0.08728814,0.91271186
2026-02-04,0.07951843,0.92048156
2026-02-05,0.07864769,0.9213523
2026-02-06,0.08049771,0.91950226
2026-02-09,0.07859152,0.9214085
2026-02-10,0.086393766,0.9136062
2026-02-11,0.0785819,0.9214181
2026-02-12,0.08816804,0.911832
2026-02-13,0.09188936,0.9081106
2026-02-17,0.08554545,0.9144546
2026-02-18,0.07943073,0.9205693
2026-02-19,0.08642354,0.9135765
2026-02-20,0.07991517,0.92008483
2026-02-23,0.0797735,0.9202265
2026-02-24,0.07861084,0.92138916
2026-02-25,0.07874842,0.9212516
2026-02-26,0.09019212,0.90980786
2026-02-27,0.08161695,0.91838306
2026-03-02,0.08072107,0.9192789
2026-03-03,0.0878437,0.9121563
2026-03-04,0.07560891,0.9243911
2026-03-05,0.094856404,0.9051436
2026-03-06,0.08029586,0.91970414
2026-03-09,0.09038611,0.9096139
2026-03-10,0.08109904,0.91890097
2026-03-11,0.08916661,0.91083336
2026-03-12,0.08145884,0.9185412
2026-03-13,0.090698764,0.9093012
2026-03-16,0.07984276,0.92015725
2026-03-17,0.078955226,0.92104477
2026-03-18,0.07742906,0.92257094
2026-03-19,0.08509315,0.91490686
2026-03-20,0.077657565,0.9223424
2026-03-23,0.07673706,0.92326295
2026-03-24,0.07769394,0.92230606
2026-03-25,0.0760459,0.9239541
2026-03-26,0.09252777,0.90747225
2026-03-27,0.08288674,0.91711324
2026-03-30,0.07788139,0.9221186
2026-03-31,0.07778687,0.92221314
2026-04-01,0.077370755,0.92262924
2026-04-02,0.07768286,0.92231715
2026-04-06,0.07807463,0.92192537
2026-04-07,0.082810886,0.9171891
2026-04-08,0.083826564,0.91617346
2026-04-09,0.08034251,0.91965747
2026-04-10,0.08462324,0.9153768
2026-04-13,0.08904993,0.91095006
2026-04-14,0.086545326,0.91345465
2026-04-15,0.08433212,0.9156679
2026-04-16,0.08238461,0.9176154
2026-04-17,0.08284041,0.91715956
2026-04-20,0.08031107,0.91968894
2026-04-21,0.082270116,0.91772985
2026-04-22,0.08439575,0.91560423
2026-04-23,0.083745405,0.9162546
2026-04-24,0.07857121,0.9214288
2026-04-27,0.07795154,0.92204845
2026-04-28,0.07675628,0.9232437
2026-04-29,0.08241414,0.91758585
2026-04-30,0.0825628,0.9174372
2026-05-01,0.088154316,0.9118457
2026-05-04,0.094554394,0.9054456
2026-05-05,0.08960076,0.91039926
2026-05-06,0.09448883,0.90551114
2026-05-07,0.09007256,0.9099274
2026-05-08,0.082449816,0.9175502
2026-05-11,0.07797768,0.92202234
2026-05-12,0.084801525,0.91519845
2026-05-13,0.08691775,0.91308224
2026-05-14,0.087618314,0.9123817
2026-05-15,0.08432291,0.9156771
2026-05-18,0.07845751,0.92154247
2026-05-19,0.08179958,0.91820043
2026-05-20,0.07756406,0.92243594
2026-05-21,0.09317784,0.90682214
2026-05-22,0.083124734,0.91687524
2026-05-26,0.08023647,0.9197635
2026-05-27,0.07991027,0.9200897
2026-05-28,0.07682607,0.9231739
2026-05-29,0.08366081,0.91633916
2026-06-01,0.08141006,0.91858995
2026-06-02,0.080714524,0.9192855
2026-06-03,0.07657604,0.92342395
2026-06-04,0.085217066,0.91478294
2026-06-05,0.08810104,0.911899
2026-06-08,0.08814969,0.91185033
2026-06-09,0.08657523,0.9134248
