date,entropy,entropy_norm,top1
2021-01-04,2.495841956138611,0.9994567123789564,0.09312627196311951
2021-01-05,2.493714327812195,0.9986240518134701,0.09762978181242943
2021-01-06,2.490578374862671,0.9974217673242884,0.0985886301100254
2021-01-07,2.4918577527999877,0.9979159015741074,0.09866947516798973
2021-01-08,2.4927597093582152,0.9982480291181466,0.10041667208075523
2021-01-11,2.4873182916641237,0.9960433370238222,0.10477962791919708
2021-01-12,2.4894886350631715,0.9969334096974667,0.09807350210845471
2021-01-13,2.485388174057007,0.9952905917901742,0.10472188293933868
2021-01-14,2.487677311897278,0.9961884059924158,0.10445033341646194
2021-01-15,2.4827482652664186,0.9943118036447416,0.10872707292437553
2021-01-19,2.4833199739456178,0.9944025574663109,0.10452197596430779
2021-01-20,2.486324543952942,0.9957520458389787,0.10537030428647995
2021-01-21,2.4823463106155397,0.9941232025499249,0.11252072274684906
2021-01-22,2.4794385290145873,0.9928744677329349,0.11572405233979226
2021-01-25,2.489039521217346,0.9968078943219811,0.10250164866447449
2021-01-26,2.482683329582214,0.9943393898670199,0.11197643235325813
2021-01-27,2.489028615951538,0.9967693203986876,0.10592553839087486
2021-01-28,2.4840618228912352,0.9948311414628777,0.10957453146576882
2021-01-29,2.4856903743743897,0.9954375280912656,0.10770371258258819
2021-02-01,2.48752046585083,0.9961090231728236,0.10424198538064956
2021-02-02,2.4193393874168394,0.9690844396141284,0.1495841124653816
2021-02-03,2.4843493461608888,0.9949169986304082,0.11057030588388443
2021-02-04,2.4128080368041993,0.9652282335500622,0.15597069755196571
2021-02-05,2.483713974952698,0.9946958092044734,0.10323385283350944
2021-02-08,2.4128457164764403,0.9664805701261483,0.1368810687959194
2021-02-09,2.4330628371238707,0.9744794467854864,0.13641142040491105
2021-02-10,2.4090258264541626,0.9618927026071081,0.1416209089756012
2021-02-11,2.29125786781311,0.9188535293401504,0.17822071850299837
2021-02-12,2.3179487657546995,0.9281622945950327,0.16559603318572044
2021-02-16,2.463723134994507,0.9867639285969486,0.12221501991152764
2021-02-17,2.437719407081604,0.9762340193040342,0.13137490823864936
2021-02-18,2.379819304943085,0.9524287322595835,0.17296920761466025
2021-02-19,2.4555743741989136,0.9833835918116598,0.13181432873010634
2021-02-22,2.365473506450653,0.9491145968506516,0.16421206235885621
2021-02-23,2.4074251890182494,0.9647357155095,0.1427175948023796
2021-02-24,2.3427171158790587,0.9387289311966517,0.17547644197940826
2021-02-25,2.4639222621917725,0.9868903064514489,0.11367684945464135
2021-02-26,2.4517823696136474,0.9820329938331485,0.13268525198101996
2021-03-01,2.427859444618225,0.972687753778941,0.13785273000597953
2021-03-02,2.4403974485397337,0.9774511667484442,0.1291699856519699
2021-03-03,2.464557614326477,0.9870519229039164,0.12159601151943207
2021-03-04,2.469553575515747,0.9890317320839297,0.11558687299489975
2021-03-05,2.4346127033233644,0.9751887284469736,0.13390667825937272
2021-03-08,2.4110637497901917,0.9652576512984281,0.143396038711071
2021-03-09,2.4443519639968874,0.979114950995034,0.1314483693242073
2021-03-10,2.452632508277893,0.9823596129217972,0.11964614138007164
2021-03-11,2.43335741519928,0.9749196672135685,0.13420159965753556
2021-03-12,2.3960124254226685,0.9602728871546529,0.1547330640256405
2021-03-15,2.446117944717407,0.9798018546242954,0.13385053649544715
2021-03-16,2.4578997707366943,0.9841992642917264,0.12484354436397553
2021-03-17,2.4602746677398684,0.9853931300146215,0.11786413252353668
2021-03-18,2.1725583505630492,0.8736950683856827,0.2258162711560726
2021-03-19,2.453958077430725,0.9828832891499613,0.12613552048802376
2021-03-22,2.42198490858078,0.9695706838063809,0.1558429217338562
2021-03-23,2.444647583961487,0.9786294146415628,0.14263608947396278
2021-03-24,2.4451310205459595,0.979136550877554,0.13633572652935982
2021-03-25,2.451644010543823,0.9818678704434174,0.12539858505129814
2021-03-26,2.481807522773743,0.9939820543578552,0.11438143074512482
2021-03-29,2.4545282316207886,0.9830221998207896,0.12720409393310547
2021-03-30,2.4041945123672486,0.9615569475183412,0.1512921592593193
2021-03-31,2.4698790645599367,0.9891917508521008,0.11939177975058556
2021-04-01,2.4760981702804568,0.9916314313833259,0.11569961667060852
2021-04-05,2.416818717718124,0.9676679106012667,0.14836896240711211
2021-04-06,2.3543123495578766,0.9432410037654377,0.1863686875998974
2021-04-07,2.4800708627700807,0.9931788596597677,0.1157207852602005
2021-04-08,2.355239760875702,0.9429420434592592,0.17422772482037543
2021-04-09,2.4530661296844483,0.9823354676151489,0.13679273426532745
2021-04-12,2.463560698032379,0.9861639186862219,0.1235085241496563
2021-04-13,2.3686823189258575,0.9495603849955502,0.1744529938697815
2021-04-14,2.2286581802368164,0.8940199118131181,0.22742843627929688
2021-04-15,2.33214218378067,0.9329306185572012,0.1769149900972843
2021-04-16,2.1570832657814027,0.8676674100886598,0.249768086373806
2021-04-19,2.2647238183021545,0.9078117711284758,0.21859253108501434
2021-04-20,2.3371357703208924,0.9362696436108493,0.19598552614450454
2021-04-21,2.4757652950286864,0.9914067015186346,0.11444775626063347
2021-04-22,2.4717977619171143,0.9899172611527505,0.11886399671435356
2021-04-23,2.4074497771263124,0.9618420047711147,0.15873640313744544
2021-04-26,2.26650817155838,0.8989094882574495,0.2060551792383194
2021-04-27,2.249999808073044,0.8947017548279484,0.2086920689046383
2021-04-28,2.2465270161628723,0.900721812468264,0.19915358260273933
2021-04-29,2.3519418001174928,0.9428674613551968,0.171363425552845
2021-04-30,2.3418814539909363,0.9400187536090382,0.16544812932610511
2021-05-03,2.4195575380325316,0.9697165338290968,0.13728519797325134
2021-05-04,2.2580100417137148,0.9063277919354944,0.20299217283725737
2021-05-05,2.3870250821113586,0.9566791028074587,0.16904077008366586
2021-05-06,2.1882805609703064,0.880048862277835,0.22524525538086893
2021-05-07,2.3507126903533937,0.9411923193143571,0.1794053380191326
2021-05-10,2.375474989414215,0.9510901559720204,0.16399321973323822
2021-05-11,2.4339368534088135,0.9747602320387917,0.13701183423399926
2021-05-12,2.4342925691604616,0.9748912859157681,0.14697883382439614
2021-05-13,2.367748954296112,0.9491186212855816,0.16600512310862542
2021-05-14,2.479774527549744,0.9930711375569483,0.11428735941648484
2021-05-17,2.279011914730072,0.9148725056479158,0.16382568538188935
2021-05-18,2.258938012123108,0.9082019506113496,0.17542196601629256
2021-05-19,2.4477757358551027,0.9809309052087427,0.12203589662909507
2021-05-20,2.301391217708588,0.9243843680452025,0.16090114921331405
2021-05-21,2.3567366766929627,0.9454447106332693,0.15513569369912147
2021-05-24,2.4549062919616698,0.9831042925940677,0.1318466891348362
2021-05-25,2.413072934150696,0.9669052416248479,0.1557317379117012
2021-05-26,2.2797925329208373,0.9142353628908114,0.2237057316303253
2021-05-27,2.391953241825104,0.9579875309744543,0.16811846762895585
2021-05-28,2.4062322187423706,0.9647950065026061,0.16844845548272133
2021-06-01,2.2074591982364655,0.8871301430414988,0.23092611476778985
2021-06-02,2.307961220741272,0.9229697829324326,0.19786242961883546
2021-06-03,2.3268756794929506,0.9315788254888829,0.1844422647356987
2021-06-04,2.3277561354637144,0.9317836443705059,0.2029402831196785
2021-06-07,2.3181589794158937,0.9285955131960928,0.18108050093054773
2021-06-08,2.2816381549835203,0.912653371634894,0.2003031449019909
2021-06-09,2.291719241142273,0.919070319329759,0.19248822450637817
2021-06-10,2.2306636595726013,0.8939116969845579,0.21225561529397965
2021-06-11,2.4484161162376403,0.980250877928279,0.1349017785489559
2021-06-14,2.3139552426338197,0.9271823211536332,0.1737268279492855
2021-06-15,2.3859319615364076,0.9559785389027634,0.15677344232797621
2021-06-16,2.34877632856369,0.9415335802821047,0.14482125401496887
2021-06-17,2.3333324813842773,0.934881443344304,0.16717365756630898
2021-06-18,2.4544268083572387,0.9831215089559912,0.13143976971507074
2021-06-21,2.4764367389678954,0.9915550862021267,0.11348389878869057
2021-06-22,2.394287574291229,0.9591448648756703,0.14488364294171333
2021-06-23,2.461214768886566,0.9853639608320411,0.12244016721844674
2021-06-24,2.3105014157295227,0.9258299990280257,0.1741157978773117
2021-06-25,2.137833788394928,0.8575624058367284,0.2090785212814808
2021-06-28,2.2036650133132936,0.8857340036869502,0.1984787406027317
2021-06-29,2.251885914802551,0.9047407499006187,0.19200195387005806
2021-06-30,2.3940278911590576,0.9598650775934209,0.15234894886612893
2021-07-01,2.482690734863281,0.9941022223918817,0.10976485922932624
2021-07-02,2.3619788980484007,0.9471002304456654,0.17362413093447684
2021-07-06,2.3393427443504335,0.9382404082855126,0.17984821304678916
2021-07-07,2.403704113960266,0.9631531307905737,0.14136211454868317
2021-07-08,2.461181061267853,0.9853603491229949,0.13063501358032226
2021-07-09,2.4492133045196534,0.9810355647901097,0.13443873107433318
2021-07-12,2.4750494241714476,0.9911488469634332,0.11332034915685654
2021-07-13,2.35907790184021,0.9423463379395527,0.1697022870182991
2021-07-14,2.4739133501052857,0.9906819416399553,0.11569247514009476
2021-07-15,2.485990171432495,0.9954854019526391,0.10479985289275646
2021-07-16,2.4375763273239137,0.9760556240270155,0.13895602136850357
2021-07-19,2.48321608543396,0.9943569667343705,0.10806060440838337
2021-07-20,2.4764238214492797,0.9917119187591836,0.11426042914390563
2021-07-21,2.365438244342804,0.9469301520253197,0.18522830039262772
2021-07-22,2.28035706281662,0.9159245279411862,0.16709370762109757
2021-07-23,2.282279212474823,0.9176883372729864,0.1794183848798275
2021-07-26,2.290598270893097,0.9154867696756258,0.2282300378382206
2021-07-27,2.3110985589027404,0.9268558172908651,0.17138731077313424
2021-07-28,2.380718185901642,0.9548763627308519,0.14931896552443505
2021-07-29,2.352421178817749,0.9430051985930742,0.1719947960972786
2021-07-30,2.4123086166381835,0.966271018414392,0.14739574536681174
2021-08-02,2.4183586192131044,0.9659743229991308,0.14363248899579048
2021-08-03,2.3117384099960328,0.921609972291707,0.19466224893927575
2021-08-04,2.4251669383049013,0.9708349813737425,0.1444629253447056
2021-08-05,2.469031310081482,0.9878486536760679,0.12398890316486359
2021-08-06,2.340422468185425,0.9372834942740785,0.16843015238642692
2021-08-09,2.1897956037521364,0.8789103891022101,0.19944302678108217
2021-08-10,2.3197772026062013,0.9292740068753008,0.19151667684316634
2021-08-11,2.37887478351593,0.951148405883143,0.16442742481827735
2021-08-12,2.3736135292053224,0.9508609614350605,0.1448282390832901
2021-08-13,2.3772222280502318,0.9523500120728294,0.16014220371842383
2021-08-16,2.315240502357483,0.9286845987501827,0.1804986599087715
2021-08-17,2.4590256214141846,0.9850876048497286,0.12582058884203434
2021-08-18,2.4732624387741087,0.9904224628577343,0.10764508865773678
2021-08-19,2.3783502626419066,0.9526711373815655,0.16422594085335732
2021-08-20,2.4713922691345216,0.9894274432535451,0.11796112865209579
2021-08-23,2.4763374662399293,0.9917070814794131,0.12083379700779914
2021-08-24,2.4200831627845765,0.9684259512537181,0.1440591397881508
2021-08-25,2.4618617844581605,0.9849815407269088,0.12648581713438034
2021-08-26,2.396750464439392,0.9604381041196937,0.14759966865181923
2021-08-27,2.423851344585419,0.9701839326769207,0.1357906959950924
2021-08-30,2.3175730419158938,0.9297889061326314,0.20058546245098113
2021-08-31,2.4616109037399294,0.9857539465915501,0.11477040134370327
2021-09-01,2.46217333316803,0.9860868468771785,0.1163447804749012
2021-09-02,2.388116130828857,0.9554561935220147,0.16051951050758362
2021-09-03,2.4179268074035645,0.9684122459394854,0.14757314905524255
2021-09-07,2.304549071788788,0.9240095490648557,0.17841450318694116
2021-09-08,2.429214825630188,0.9730308909396891,0.13818495631217956
2021-09-09,2.358249921798706,0.9444568432224655,0.15440303415060044
2021-09-10,2.4751033687591555,0.9913670527086751,0.1087501072883606
2021-09-13,2.474121022224426,0.9908557610597042,0.11548133566975594
2021-09-14,2.3959978222846985,0.9577761622856751,0.14744178771972657
2021-09-15,2.3696995329856874,0.9497718674406163,0.14965953096747397
2021-09-16,2.245728750228882,0.901448098920723,0.20376603305339813
2021-09-17,2.4320488119125367,0.9746622508363297,0.12791274219751358
2021-09-20,2.488047552108765,0.9963537581546449,0.10319946438074112
2021-09-21,2.479998092651367,0.9931304625138258,0.11147619247436523
2021-09-22,2.3738154792785644,0.9521660212691212,0.16558032855391502
2021-09-23,2.378252396583557,0.9531883436311588,0.15969675436615943
2021-09-24,2.376454567909241,0.952694191797093,0.15012967213988304
2021-09-27,2.1001263523101805,0.8463231147109176,0.2503714288771153
2021-09-28,2.3800030040740965,0.9525244428154065,0.17998198866844178
2021-09-29,2.353153095245361,0.9432420306505038,0.16630979776382446
2021-09-30,2.430184419155121,0.9735307470302023,0.13626902520656586
2021-10-01,2.3526627111434935,0.9436133887153768,0.15359246402978896
2021-10-04,2.2333159494400023,0.8947596530213936,0.16667434871196746
2021-10-05,2.2679898929595947,0.9086969491691115,0.17181226760149002
2021-10-06,2.3482021617889406,0.9402363127877161,0.1663541340827942
2021-10-07,2.2153505086898804,0.8888671707206073,0.2105092142522335
2021-10-08,2.113055467605591,0.849166608334305,0.2743092219531536
2021-10-11,2.1742879509925843,0.8733429095987888,0.22672002509236336
2021-10-12,2.2153216218948364,0.8885389752721083,0.23350009098649024
2021-10-13,2.2679447746276855,0.9090942538268291,0.2185150295495987
2021-10-14,2.3600272870063783,0.9466393301503618,0.17835475251078606
2021-10-15,2.304599814414978,0.9226292057769934,0.18013136759400367
2021-10-18,2.35258282661438,0.9419377372577739,0.16793232902884483
2021-10-19,2.4274452567100524,0.9717187697498442,0.1373970827460289
2021-10-20,2.284067542552948,0.9130214162574178,0.2138485789299011
2021-10-21,2.3733274030685423,0.9515286019850105,0.17271099358797073
2021-10-22,2.3916234517097474,0.9582534292582295,0.15177230045199394
2021-10-25,2.427514839172363,0.9724893457603531,0.14094316467642784
2021-10-26,2.4035879039764403,0.9631021655520131,0.14722773253917695
2021-10-27,2.3224270939826965,0.9317097318765856,0.15363402023911477
2021-10-28,2.3012520408630373,0.9222258015678801,0.1936746682226658
2021-10-29,2.1637062454223632,0.8663470519683876,0.22096104234457015
2021-11-01,2.401491618156433,0.9619534378093247,0.15866876199841498
2021-11-02,2.375518774986267,0.9516407450838876,0.17564090132713317
2021-11-03,2.265708341598511,0.9089908908903872,0.200217787027359
2021-11-04,2.3230232405662536,0.9317582161306441,0.18968982070684434
2021-11-05,2.3150941705703736,0.9271714050488856,0.18473339214920997
2021-11-08,2.3038456773757936,0.9246040232123854,0.17115192890167236
2021-11-09,2.3414730715751646,0.939612560072227,0.1721289959549904
2021-11-10,2.437248158454895,0.9762125799225901,0.13563664600253106
2021-11-11,2.3548198556900024,0.944376786146387,0.15216044396162032
2021-11-12,2.420119831562042,0.9690695956200437,0.14653712511062622
2021-11-15,2.3871759366989136,0.9559598351749321,0.1558575627207756
2021-11-16,2.4134573769569396,0.9662490601259388,0.14190443262457847
2021-11-17,2.394881625175476,0.9589260348902866,0.1622004373371601
2021-11-18,2.44208110332489,0.9776947666182514,0.12766336664557457
2021-11-19,2.471355981826782,0.9894493279717851,0.11083561137318611
2021-11-22,2.4922552824020388,0.998016736011061,0.09839282855391503
2021-11-23,2.4417532896995544,0.9778663973459147,0.13245131611824035
2021-11-24,2.466757354736328,0.9877442561696769,0.12206097066402435
2021-11-26,2.4492014265060424,0.9806175464048887,0.12476989448070526
2021-11-29,2.4903289747238158,0.9972482489047901,0.10042472764849662
2021-11-30,2.479644522666931,0.9930143827364165,0.11115567058324814
2021-12-01,2.482464861869812,0.9941404001094156,0.10429382279515266
2021-12-02,2.4870263528823853,0.9959474440862747,0.10087268747389316
2021-12-03,2.471582589149475,0.9897203165162154,0.1134728480875492
2021-12-06,2.4790249395370485,0.9927579353903673,0.10536578103899956
2021-12-07,2.4322085070610044,0.9748417658572243,0.13413003981113433
2021-12-08,2.348550856113434,0.9422411242156522,0.1414610992372036
2021-12-09,2.4467001438140867,0.9799549206091421,0.13255637094378472
2021-12-10,2.45997190952301,0.985223331524826,0.12019667029380798
2021-12-13,2.3040665793418884,0.9254670207160243,0.160371510386467
2021-12-14,2.3152960085868837,0.9289443596744092,0.16096963196992875
2021-12-15,2.2105669283866884,0.8876004288438009,0.20321751937270163
2021-12-16,2.373677396774292,0.9522212101836675,0.15105589002370834
2021-12-17,2.251943304538727,0.9057467751269965,0.19225662425160409
2021-12-20,2.3606490468978882,0.9457798850622477,0.14924173727631568
2021-12-21,2.431314556598663,0.9731617386038157,0.14619542807340621
2021-12-22,2.3543218564987183,0.9426868661830627,0.1810058732330799
2021-12-23,2.220840916633606,0.8912938339455053,0.2120400635898113
2021-12-27,2.2160407447814943,0.8872089338362825,0.1834595735371113
2021-12-28,2.214165275096893,0.8890099983523553,0.19921336501836776
2021-12-29,2.2768904328346253,0.9139915279542045,0.17107779592275618
2021-12-30,2.4507458782196045,0.9817650061232276,0.13568018153309822
2021-12-31,2.4516414117813112,0.9822455283413121,0.13528458788990974
2022-01-03,2.443893587589264,0.9784607386053372,0.14199406072497367
2022-01-04,2.367439105510712,0.9468279169064595,0.17190931990742683
2022-01-05,2.4382111740112307,0.9754280818510896,0.14548550337553023
2022-01-06,2.4026459670066833,0.9618657053812106,0.138731686770916
2022-01-07,2.4467610573768614,0.979318211343367,0.13370523899793624
2022-01-10,2.409822614192963,0.9652805924660051,0.15807433173060417
2022-01-11,2.4602410125732423,0.9851716409219933,0.12598374769091605
2022-01-12,2.379648449420929,0.953771380934844,0.17886313959956168
2022-01-13,2.4194834089279174,0.9696856733021905,0.14730526134371758
2022-01-14,2.3523387813568117,0.9409355143593511,0.18382134512066842
2022-01-18,2.3705426836013794,0.9508398750536248,0.16821748733520508
2022-01-19,2.3988736939430235,0.9611556589868439,0.14513628378510476
2022-01-20,2.3985268306732177,0.9604920585673586,0.14844003617763518
2022-01-21,2.352564175128937,0.9440586293571397,0.15451319888234138
2022-01-24,2.4552837800979614,0.9832519346681314,0.12278548642992973
2022-01-25,2.479730973243713,0.9930180507960173,0.11685058951377869
2022-01-26,2.435813510417938,0.9751518339925705,0.14533651605248452
2022-01-27,2.4228366112709043,0.9698625978634051,0.15032873719930648
2022-01-28,2.4224910807609557,0.9688205320334241,0.14799394369125365
2022-01-31,2.433344449996948,0.9733807531198608,0.1419166097044945
2022-02-01,2.391333726644516,0.9565095575830905,0.15540084928274156
2022-02-02,2.25927280664444,0.9070238628942695,0.19015899166464806
2022-02-03,2.352780051231384,0.9425006526576699,0.17570458382368087
2022-02-04,2.3995809602737426,0.9607301485868693,0.16107042402029037
2022-02-07,2.3067696380615232,0.9247835586136683,0.18214531034231185
2022-02-08,2.312924702167511,0.9285004883007411,0.19443613827228545
2022-02-09,2.445782151222229,0.9792655134332352,0.12779588922858237
2022-02-10,2.287474735379219,0.9154730780165332,0.2111796036362648
2022-02-11,2.3352135682106017,0.9366130956944423,0.16995174378156663
2022-02-14,2.3761413073539734,0.9527956837529724,0.1550281338393688
2022-02-15,2.3688794350624085,0.9498886203562372,0.14177822709083557
2022-02-16,2.399701201915741,0.9617453775730336,0.14181543350219727
2022-02-17,2.407633261680603,0.9646026796518957,0.13707626089453698
2022-02-18,2.2596394062042235,0.9071682963246899,0.18382797196507453
2022-02-22,2.414879016876221,0.9676503896088714,0.1335389706492424
2022-02-23,2.356113772392273,0.9455114579896177,0.15737249284982682
2022-02-24,2.4261621594429017,0.9715698203422376,0.15277753710746766
2022-02-25,2.3158754014968874,0.9297058929316491,0.16464045092463495
2022-02-28,2.3353664195537567,0.9337481016464326,0.18920690879225732
2022-03-01,2.3623069095611573,0.9475049311862348,0.16183045342564584
2022-03-02,2.2705457067489623,0.9118160943845899,0.19084613606333733
2022-03-03,2.4485141324996946,0.9806277946581526,0.12750636786222458
2022-03-04,2.3038306999206544,0.9249145377803428,0.1844548326730728
2022-03-07,2.3011452341079712,0.924338898941803,0.16112542480230332
2022-03-08,2.346423981189728,0.9407301828805886,0.17246928825974464
2022-03-09,2.3240754342079164,0.9264304646897414,0.1996462717652321
2022-03-10,2.4002894592285156,0.9606051304270629,0.16010527402162553
2022-03-11,2.3527259731292727,0.9428498432243928,0.17284245491027833
2022-03-14,2.450666205883026,0.9810270151943414,0.1298593132197857
2022-03-15,2.445287833213806,0.9791757743141138,0.12736790508031845
2022-03-16,2.4485587596893312,0.9801575895206709,0.13319340884685515
2022-03-17,2.407811245918274,0.9645598150358484,0.1531815868616104
2022-03-18,2.4629603242874145,0.9862419078941855,0.12948699459433555
2022-03-21,2.4656657671928404,0.9870566821559619,0.12355306923389435
2022-03-22,2.42850772857666,0.9720926165080662,0.1499331249296665
2022-03-23,2.4641249322891237,0.9868115218934809,0.12140242666006089
2022-03-24,2.347729914188385,0.9394413327410416,0.17641739279031754
2022-03-25,2.2976242804527285,0.9214570608858142,0.16909461200237275
2022-03-28,2.443065896034241,0.9785978360674847,0.1418658536672592
2022-03-29,2.3365030884742737,0.9367305993188074,0.18158210098743438
2022-03-30,2.424899182319641,0.9710691691486253,0.1496214462816715
2022-03-31,2.459637215137482,0.9850699367685462,0.1333558328449726
2022-04-01,2.459040837287903,0.9850259667947587,0.12118260249495506
2022-04-04,2.462712063789368,0.9861597266756914,0.124938924908638
2022-04-05,2.245882613658905,0.9003331425986352,0.24456955268979072
2022-04-06,2.1904925513267517,0.8786842995534312,0.2485513024032116
2022-04-07,2.3289754366874695,0.9340421120454703,0.1605205251276493
2022-04-08,2.424100441932678,0.9702271968102155,0.1354443047940731
2022-04-11,2.4704262351989748,0.9891457774228049,0.12128585055470467
2022-04-12,2.4718829202651977,0.9899604147825651,0.11718787506222725
2022-04-13,2.4882979869842528,0.9964847112151887,0.10275481164455413
2022-04-14,2.4273970031738283,0.9723510783858764,0.134479920566082
2022-04-18,2.478677845001221,0.9926352772996626,0.11292251110076905
2022-04-19,2.392406634092331,0.9567222934147346,0.1572501415014267
2022-04-20,2.4426794123649596,0.977593994758024,0.13454640313982963
2022-04-21,2.4614192938804624,0.9852200620880184,0.11904141649603844
2022-04-22,2.4863819742202757,0.995751121685371,0.10494589850306511
2022-04-25,2.444073853492737,0.9790377168578505,0.14158906370401383
2022-04-26,2.4825287437438965,0.9942305881096337,0.10643580079078674
2022-04-27,2.475059189796448,0.9911565753736196,0.12064488753676414
2022-04-28,2.3412055945396424,0.9394338961571975,0.18769813403487207
2022-04-29,2.472068510055542,0.9900448092626367,0.11685691937804223
2022-05-02,2.4784323883056643,0.9926369006878711,0.11359836146235466
2022-05-03,2.4700980401039123,0.9890144930839603,0.11905704632401466
2022-05-04,2.471778326034546,0.989586890099391,0.12204555839300156
2022-05-05,2.4717711353302003,0.9897484550148705,0.1250120171904564
2022-05-06,2.418128182888031,0.9683729599949362,0.14861423909664154
2022-05-09,2.4676257228851317,0.9881428784689225,0.12225567013025283
2022-05-10,2.4752645778656004,0.9911969617299576,0.11312384605407715
2022-05-11,2.45836932182312,0.9844345930279814,0.13435660183429718
2022-05-12,2.399400379657745,0.9606121150470457,0.14381853520870208
2022-05-13,2.431713147163391,0.9735255425166147,0.13646974846720694
2022-05-16,2.4768264722824096,0.9918934764364835,0.11253363326191902
2022-05-17,2.44541006565094,0.9791567692773545,0.13870550349354743
2022-05-18,2.4261715984344483,0.9721360468824966,0.1326929497718811
2022-05-19,2.4762701892852785,0.991739009297073,0.11532987147569657
2022-05-20,2.471428880691528,0.9897822746604323,0.12124944925308227
2022-05-23,2.4337998390197755,0.9741765977189797,0.1443759559094906
2022-05-24,2.3543558382987975,0.9431307229064729,0.18629408091306687
2022-05-25,2.3710403740406036,0.9491420539083357,0.1718490742146969
2022-05-26,2.288676391839981,0.9171259403933621,0.1977534671127796
2022-05-27,2.4178701734542845,0.9672499032590569,0.1478294824063778
2022-05-31,2.419329822063446,0.968309578018066,0.15170960187911986
2022-06-01,2.410004105567932,0.9645900865751347,0.1430762292444706
2022-06-02,2.3746809220314025,0.9513002785453765,0.16488232731819152
2022-06-03,2.404341785907745,0.9633966037343583,0.15438248679041863
2022-06-06,2.4701167440414427,0.9888347345800222,0.11821605116128922
2022-06-07,2.4284491109848023,0.972424694825963,0.13791672095656396
2022-06-08,2.426473388671875,0.9716764886645748,0.14466969132423402
2022-06-09,2.181078985929489,0.8765674498493364,0.2533893747627735
2022-06-10,2.132434678077698,0.8592054864628312,0.2275632193684578
2022-06-13,2.2907067692279814,0.9199282286548954,0.19116282045841218
2022-06-14,2.445652496814728,0.980381336454438,0.13491988286376
2022-06-15,2.392872290611267,0.9587727184834207,0.16692160576581955
2022-06-16,2.4794510793685913,0.9929570467583789,0.1124876457452774
2022-06-17,2.4232860684394835,0.9710996757273427,0.14054434955120088
2022-06-21,2.47485071182251,0.9909769888736009,0.11782666057348251
2022-06-22,2.4799632835388183,0.9932120849202579,0.11352897927165032
2022-06-23,2.4537581062316893,0.9822799803460974,0.13264571592211724
2022-06-24,2.467010202407837,0.9880380533454612,0.12039556458592415
2022-06-27,2.4561947202682495,0.9833987363728263,0.13360290482640266
2022-06-28,2.4208527040481567,0.9691075214865308,0.15408022820949555
2022-06-29,2.3784895396232604,0.9510665113361176,0.16072312891483306
2022-06-30,2.374807108938694,0.9493395856644846,0.16211127042770385
2022-07-01,2.453409876823425,0.9828882194675415,0.13672159135341644
2022-07-05,2.4405845975875855,0.977681611666656,0.14016511276364327
2022-07-06,2.4654369258880617,0.9873774515486038,0.11951551586389542
2022-07-07,2.4565075635910034,0.9837647986685077,0.1217417374253273
2022-07-08,2.424296486377716,0.9696727767172666,0.14648673117160796
2022-07-11,2.468618402481079,0.9884549945548621,0.12868232488632203
2022-07-12,2.466105971336365,0.9874240722953064,0.12168512523174285
2022-07-13,2.4742593908309938,0.9908621944329358,0.11961080983281136
2022-07-14,2.3462521052360534,0.9388692016295702,0.1874915623664856
2022-07-15,2.329524734020233,0.9323978566215539,0.18350848272442818
2022-07-18,2.2524277359247207,0.9001602491701618,0.21784130558371545
2022-07-19,2.1356084752082825,0.8571891274924586,0.2560456594824791
2022-07-20,2.185964552164078,0.8738747039733995,0.24445900574326515
2022-07-21,2.2435079514980316,0.8978623864574079,0.2329516264796257
2022-07-22,2.134426815509796,0.8580425614894917,0.275890506207943
2022-07-25,2.225555236339569,0.8925477912775761,0.19530075669288635
2022-07-26,2.178926937580109,0.8751880724807148,0.23518594309687615
2022-07-27,2.4524123072624207,0.9818503217342527,0.13546308353543282
2022-07-28,2.2691971898078918,0.9109281194218879,0.20664923936128615
2022-07-29,2.2882059049606323,0.9190491190861485,0.2140575434267521
2022-08-01,2.3386345982551573,0.9366555478403535,0.16745028927922248
2022-08-02,2.380849373340607,0.9543884767371993,0.16664750546216964
2022-08-03,2.444012713432312,0.9788214087571266,0.13019238024950028
2022-08-04,2.3815382528305054,0.9543048942904538,0.1664069886505604
2022-08-05,2.4747237873077395,0.9909308529930223,0.11852604031562805
2022-08-08,2.432674598693848,0.9743862717319353,0.1435897521674633
2022-08-09,2.282992124557495,0.9145727532515664,0.18522174045443535
2022-08-10,2.3686125087738037,0.9491571584545919,0.17026253566145896
2022-08-11,2.25303341627121,0.9011278698836016,0.18046848073601723
2022-08-12,2.4158512949943542,0.9678421106096842,0.15097143948078157
2022-08-15,2.431394248008728,0.9737814496089799,0.13430244952440262
2022-08-16,2.4641681432724,0.9869585511959486,0.11916922345757484
2022-08-17,2.4605813789367676,0.9849491559918881,0.12307732760906219
2022-08-18,2.4424978280067444,0.9779411263628839,0.13572005957365035
2022-08-19,2.249692096710205,0.898613360457576,0.19855892181396484
2022-08-22,2.4875945138931272,0.9960976115476444,0.10651367716491222
2022-08-23,2.4342253851890563,0.9746301922545776,0.14488611847162247
2022-08-24,2.351715407371521,0.9379849323281714,0.15842657893896103
2022-08-25,2.37616348028183,0.9511306686610053,0.18310837849974632
2022-08-26,2.4220267391204833,0.9703856658025142,0.1522115007042885
2022-08-29,2.455571720600128,0.9832792335516233,0.1277465972304344
2022-08-30,2.3992010498046876,0.9584369198542959,0.15575792774558067
2022-08-31,2.40708331823349,0.9621466951678602,0.140763578414917
2022-09-01,2.454942226409912,0.9833285600059082,0.12944632187485694
2022-09-02,2.4167986369132994,0.968272770918513,0.14360374048352242
2022-09-06,2.40452317237854,0.9629683119555265,0.16212692603468895
2022-09-07,2.4259677028656004,0.9713453300169418,0.13968754023313523
2022-09-08,2.342765944004059,0.9390284481681482,0.17051981449127196
2022-09-09,2.253931382894516,0.9038924223049624,0.20352988734841346
2022-09-12,2.338989691734314,0.937069858279081,0.16944353103637697
2022-09-13,2.478731155395508,0.992643067608899,0.10881404429674149
2022-09-14,2.4443069171905516,0.97896856980032,0.12540481999516487
2022-09-15,2.3420766687393186,0.9383538303054714,0.18173421889543534
2022-09-16,2.383336627483368,0.9545991578897364,0.14727941319346427
2022-09-19,2.352839252948761,0.9441924836449647,0.13796621888875962
2022-09-20,2.265041844844818,0.9097211793375937,0.18767040252685546
2022-09-21,2.305753962993622,0.9247842895091781,0.187276221960783
2022-09-22,2.3396209406852724,0.9376894693921289,0.1692696662247181
2022-09-23,2.284291932582855,0.917131803863539,0.17995824307203293
2022-09-26,2.462541489601135,0.9863909275195054,0.12962324857711793
2022-09-27,2.3564477872848513,0.9446929201697959,0.16008219107985497
2022-09-28,2.4574033927917482,0.983917510779436,0.12534113794565202
2022-09-29,2.2733236825466157,0.9123966017890445,0.18953141763806344
2022-09-30,2.293918596506119,0.9199535421647371,0.1947539757192135
2022-10-03,2.3492207884788514,0.941984762777013,0.1482390807569027
2022-10-04,2.32120943069458,0.9312654055889215,0.1639145754277706
2022-10-05,2.2554808390140533,0.9026234674722644,0.218916397690773
2022-10-06,2.2914146542549134,0.9170199689431503,0.18918454587459566
2022-10-07,2.324623110294342,0.9293568966679403,0.1977297241985798
2022-10-10,2.475774717330933,0.991415735500797,0.11202442809939385
2022-10-11,2.484477849006653,0.9949340419270544,0.10589994236826897
2022-10-12,2.4743036890029906,0.9909347669015197,0.11634398117661476
2022-10-13,2.4885057640075683,0.9965687429079355,0.10447319909930229
2022-10-14,2.4303382420539856,0.9725131449455569,0.14545030727982522
2022-10-17,2.4858092737197874,0.9954335215829883,0.10840244695544243
2022-10-18,2.381918640136719,0.9553279289588036,0.16405278638005258
2022-10-19,2.3436554789543154,0.93915562650172,0.18135250985622406
2022-10-20,2.213061330318451,0.8899975632159698,0.23973107039928437
2022-10-21,2.3153802609443663,0.9270270424352347,0.18349031567573548
2022-10-24,2.067817537784576,0.8346551773109048,0.24233587354421615
2022-10-25,2.2989850997924806,0.9212503889555167,0.1777407193183899
2022-10-26,2.2309497785568237,0.8944009581556628,0.19760362684726715
2022-10-27,2.348704125881195,0.940713177776971,0.17751299411058427
2022-10-28,2.3330246305465696,0.9352160730482076,0.16649281203746796
2022-10-31,2.3765045738220216,0.9530726128472635,0.1380959677696228
2022-11-01,2.4281763076782226,0.9727911713993633,0.13999275967478753
2022-11-02,2.4326586627960207,0.9743763196386236,0.13589869260787965
2022-11-03,2.4148684906959534,0.9669522140523825,0.1382318402826786
2022-11-04,2.47219407081604,0.9899996742404528,0.11358460530638695
2022-11-07,2.2791338634490965,0.9138988667781973,0.20550790935754776
2022-11-08,2.442609987258911,0.9781708525919245,0.13910677060484886
2022-11-09,2.3203748202323915,0.9295053589209934,0.19170619934797287
2022-11-10,2.4010058355331423,0.9609557724349203,0.1547298949956894
2022-11-11,2.345660104751587,0.9402135410815498,0.18132310688495637
2022-11-14,2.4483185958862306,0.9803732786546735,0.1368942080438137
2022-11-15,2.390652973651886,0.9560981212575963,0.16706647858023643
2022-11-16,2.2840633678436277,0.9169158052158131,0.1690850993990898
2022-11-17,2.375073971748352,0.9520885044212306,0.1695782832801342
2022-11-18,2.2524577927589418,0.9034347939983581,0.2300188036262989
2022-11-21,2.4472774195671083,0.9800055666301739,0.13313932731747627
2022-11-22,2.4402992057800295,0.9772887602353777,0.12975752204656602
2022-11-23,2.3483287143707274,0.9410593626708532,0.17744173258543014
2022-11-25,2.365030975341797,0.9484833070974852,0.15111809581518174
2022-11-28,2.4593074178695677,0.984824863784366,0.1293332876265049
2022-11-29,2.3315162801742555,0.9358860888076799,0.1566772872209549
2022-11-30,2.4428511905670165,0.978415353309257,0.13090966299176215
2022-12-01,2.3071752309799196,0.9257483774460534,0.17551426127552985
2022-12-02,2.262007281780243,0.9075335876652985,0.1961407606303692
2022-12-05,2.298632287979126,0.9220954695106675,0.17004491448402403
2022-12-06,2.3657937359809877,0.948681421491439,0.15530118122696876
2022-12-07,2.4252774858474733,0.9714233258218529,0.1500626716017723
2022-12-08,2.307272868156433,0.9260836817254124,0.21034248188138008
2022-12-09,2.3350067806243895,0.935003819648285,0.16369901582598687
2022-12-12,2.1825723791122438,0.8782516417228946,0.21788785606622696
2022-12-13,2.4338701438903807,0.9745769540026025,0.1407833169400692
2022-12-14,2.3382868647575377,0.937838967043664,0.16936830833554267
2022-12-15,2.3945877885818483,0.958993518099841,0.15080860316753386
2022-12-16,2.3021818518638613,0.9230949700086107,0.16872321665287018
2022-12-19,2.4172358894348145,0.9680538620956018,0.1410554242134094
2022-12-20,2.38240788936615,0.9539175186299041,0.14801595136523246
2022-12-21,2.3856261014938354,0.9534293131781104,0.14709006667137145
2022-12-22,2.387102253437042,0.9559983855838012,0.15896571308374405
2022-12-23,2.3735743403434753,0.9513815337774687,0.15980616286396981
2022-12-27,2.3340158677101135,0.9339451019439062,0.1695481300354004
2022-12-28,2.4430462741851806,0.978587837101614,0.1331038521230221
2022-12-29,2.4673759508132935,0.9881434814974827,0.11680720508098602
2022-12-30,2.3934576869010926,0.9591851798202007,0.17347102954983712
2023-01-03,2.4908557748794555,0.997467677872431,0.10331898465752602
2023-01-04,2.2511354947090148,0.90579429298214,0.18446783661842348
2023-01-05,2.2222000515460967,0.8946246473302224,0.2198293262720108
2023-01-06,2.302759575843811,0.9247818220207071,0.16963309779763222
2023-01-09,2.295166783332825,0.920780596809537,0.19681897431612014
2023-01-10,2.282517294883728,0.9165774852017391,0.17561819463968276
2023-01-11,2.351777057647705,0.9411981170544628,0.1733724844455719
2023-01-12,2.134968386888504,0.8572271785354322,0.22742804974317551
2023-01-13,2.1887875604629516,0.8796000728244381,0.21760719671845435
2023-01-17,2.2039836692810058,0.8828764559748431,0.2368842026591301
2023-01-18,2.4227131628990173,0.9702943496002209,0.15019021466374397
2023-01-19,2.4414894127845765,0.9777984590006338,0.13012783959507943
2023-01-20,2.1904273939132692,0.880151768643152,0.19279672786593438
2023-01-23,2.406649556159973,0.9642846879295596,0.14730243608355523
2023-01-24,2.208329737186432,0.8873650946828759,0.2065236809849739
2023-01-25,2.2620271110534667,0.9072396853992943,0.2006445775926113
2023-01-26,2.169478888511658,0.8714953694827448,0.25079685091972354
2023-01-27,2.429724032878876,0.9717263513585256,0.14830176740884782
2023-01-30,2.211538009643555,0.888264191618145,0.2091909557580948
2023-01-31,2.359429404735565,0.9459095812253873,0.17802950128912925
2023-02-01,2.354771318435669,0.9448492660200071,0.1738022695481777
2023-02-02,2.3137689518928526,0.9284910338131641,0.1641519083082676
2023-02-03,2.38705224275589,0.956537306523139,0.16566855654120446
2023-02-06,2.0316051399707793,0.8151295105545734,0.24461056545376778
2023-02-07,2.281760849952698,0.914878141356478,0.18184191673994066
2023-02-08,2.140621819496155,0.8599744388401872,0.24331702694296836
2023-02-09,2.259783880710602,0.9063497573783025,0.17548222407698633
2023-02-10,2.184333519935608,0.8780056064963868,0.1927027826011181
2023-02-13,2.20678995847702,0.885568532040613,0.20502404272556304
2023-02-14,2.2588096237182618,0.9068725600750369,0.19450700655579567
2023-02-15,2.1771542596817017,0.8737475041609589,0.2161839011311531
2023-02-16,2.3437180638313295,0.9397485577799145,0.1544266939163208
2023-02-17,2.374552447795868,0.9517252446666329,0.15808820217847824
2023-02-21,2.3971631598472594,0.9604623732899142,0.14377007767558098
2023-02-22,2.4897514724731447,0.9970131161673413,0.10247372269630432
2023-02-23,2.365508801937103,0.949185270585512,0.15083830505609513
2023-02-24,2.428383481502533,0.972607864786756,0.13721704587340355
2023-02-27,2.4053940773010254,0.9634085720790175,0.15638309553265572
2023-02-28,2.4582161712646484,0.9844969984512895,0.13276871129870416
2023-03-01,2.443058648109436,0.9786576710404903,0.1343100807070732
2023-03-02,2.4542020893096925,0.9826188584752409,0.11872332319617271
2023-03-03,2.1561891794204713,0.8607036027254744,0.2275424736738205
2023-03-06,2.2153367471694945,0.8886328181289995,0.2167815999686718
2023-03-07,2.2632629537582396,0.9075304760933695,0.1781229232251644
2023-03-08,2.3210272860527037,0.9310464482480227,0.17187979474663734
2023-03-09,2.2973711037635804,0.9227031051609296,0.18703864216804506
2023-03-10,2.3867744731903078,0.9571159134481223,0.13739157170057298
2023-03-13,2.469353771209717,0.9886681095615095,0.12428144782781601
2023-03-14,2.4772690868377687,0.9921235171283772,0.11234158605337143
2023-03-15,2.4799020195007326,0.9930533560720505,0.11282018646597862
2023-03-16,2.3128188705444335,0.928621081091546,0.17492571249604225
2023-03-17,2.3177353739738464,0.931003070660124,0.17034591361880302
2023-03-20,2.2369835591316223,0.898391835890195,0.17505355432629585
2023-03-21,2.344283857345581,0.941038594928151,0.1819687794148922
2023-03-22,2.3310381031036376,0.9342022971258177,0.17791693344712256
2023-03-23,2.3176129508018493,0.9298119236859117,0.17852582901716232
2023-03-24,2.2678171610832214,0.909498305526098,0.19605525836348534
2023-03-27,2.473997540473938,0.9907583619001237,0.1197128227353096
2023-03-28,2.4423375654220583,0.9779621350227659,0.12953825369477273
2023-03-29,2.3511524868011473,0.9427268269623051,0.1936581964790821
2023-03-30,2.2827935576438905,0.9161627387453224,0.17308218032121658
2023-03-31,2.385978002548218,0.9565643761878675,0.1540997564792633
2023-04-03,2.4467294311523435,0.9801844541715299,0.12990342915058137
2023-04-04,2.2786061453819273,0.9130994805852375,0.1668980197608471
2023-04-05,2.211338119506836,0.8873902664191662,0.1950450485944748
2023-04-06,2.2762650728225706,0.9152877793267296,0.16935809195041657
2023-04-10,2.3129829955101013,0.9279142817850129,0.1804220922291279
2023-04-11,2.4285580635070803,0.9719640489621074,0.153821462392807
2023-04-12,2.2778840136528014,0.9130164801262309,0.18024375066161155
2023-04-13,2.3837522530555724,0.9555420575946839,0.14891855984926225
2023-04-14,2.320989365577698,0.9300638847730197,0.15747102737426757
2023-04-17,2.1833373212814333,0.8758687656926674,0.2526052278280258
2023-04-18,2.1411694407463076,0.8620750078439703,0.24905589267611503
2023-04-19,2.010272922515869,0.8075863534196526,0.284981977045536
2023-04-20,2.2691746056079865,0.9099663250147156,0.22255638301372527
2023-04-21,2.454368667602539,0.9828620693997496,0.13168199360370636
2023-04-24,2.407503705024719,0.9648229960133466,0.13501882210373878
2023-04-25,2.486878900527954,0.995958429830538,0.10651798784732819
2023-04-26,2.446902756690979,0.979424407991288,0.13928917691111564
2023-04-27,2.471275320053101,0.9895270452231886,0.11819512039422989
2023-04-28,2.3110348176956177,0.9280143518582258,0.1902771669626236
2023-05-01,2.3322758436203004,0.9351896542940163,0.18501375257968902
2023-05-02,2.3128795790672303,0.9279201129024365,0.1805230914056301
2023-05-03,2.3669148826599122,0.9497442311470996,0.1663871532678604
2023-05-04,2.2629510879516603,0.9098432923198484,0.21350397452712058
2023-05-05,2.3217068219184878,0.9311748302971407,0.16628437831997872
2023-05-08,2.2463413166999815,0.9024678017466107,0.18856530264019966
2023-05-09,2.2512715911865233,0.9026349223316248,0.19489889666438104
2023-05-10,2.258804142475128,0.9081345701972843,0.1882096192240715
2023-05-11,2.331671807765961,0.9341428344982822,0.17510996803641318
2023-05-12,2.2660171747207642,0.9103919754835701,0.1793248872458935
2023-05-15,2.37228538274765,0.9506233392909104,0.15217968165874482
2023-05-16,2.406896958351135,0.9638832306732451,0.15374933034181595
2023-05-17,2.3231864762306214,0.9313632216589839,0.16815897956490516
2023-05-18,2.3677094769477844,0.9483007275646885,0.17106065586209296
2023-05-19,2.31347772359848,0.9275939172026468,0.18572623953223227
2023-05-22,2.395214080810547,0.9596009426002757,0.14770353227853775
2023-05-23,2.396465027332306,0.9586784912897208,0.15844772532582282
2023-05-24,2.4648235416412354,0.9867027900551002,0.12615225195884705
2023-05-25,2.3924924492836,0.9588814021083434,0.14879095658659935
2023-05-26,2.2742504143714903,0.912612357291018,0.1921664234995842
2023-05-30,2.2246011805534365,0.8926503901816379,0.18750455886125564
2023-05-31,2.379924340248108,0.9533725742041667,0.1670776142179966
2023-06-01,2.3472794556617735,0.9413972282112704,0.15485843122005463
2023-06-02,2.280026845932007,0.9150142159365884,0.17549821928143503
2023-06-05,2.287143359184265,0.9178570446985603,0.16580526337027549
2023-06-06,2.338580882549286,0.93847264618284,0.1427401077747345
2023-06-07,2.2425978708267214,0.8985301570785313,0.17812031909823417
2023-06-08,2.3881253004074097,0.9570655796851588,0.13115379795432092
2023-06-09,2.376233286857605,0.9529186576689752,0.14606551915407182
2023-06-12,2.308039071559906,0.9267630255919659,0.17165464729070665
2023-06-13,2.3732099533081055,0.9517720718225833,0.15200013741850854
2023-06-14,2.218557368516922,0.8901885746278821,0.21240709155797957
2023-06-15,2.29318523645401,0.9210264085835722,0.17806064695119858
2023-06-16,2.4070964646339417,0.9646542900451623,0.1436204631626606
2023-06-20,2.4564293384552003,0.9840454114442859,0.1289127452671528
2023-06-21,2.3711976766586305,0.9499961611797804,0.1817300945520401
2023-06-22,2.402156105041504,0.9627037442906051,0.14285672709345817
2023-06-23,2.393229060173035,0.9588050913872113,0.15505437433719635
2023-06-26,2.397075152397156,0.9612489578176447,0.14310213550925255
2023-06-27,2.308230450153351,0.9268406794672944,0.17882537469267845
2023-06-28,2.444984827041626,0.9792021453523657,0.13517839208245278
2023-06-29,2.412643699645996,0.9670640063899582,0.13022567331790924
2023-06-30,2.4521325778961183,0.9818098627556614,0.12488547638058663
2023-07-03,2.443706302642822,0.9788329113689122,0.14105726823210715
2023-07-05,2.487565588951111,0.9961252696201486,0.10422166883945465
2023-07-06,2.2404870200157165,0.9010442570381181,0.19292715370655059
2023-07-07,2.4293144512176514,0.9728975034497823,0.15579897955060004
2023-07-10,2.3223069524765014,0.9311081082264656,0.1827376389503479
2023-07-11,2.2094807910919187,0.8874632427827241,0.2045472726225853
2023-07-12,2.2973549032211302,0.9210129980450222,0.19467596650123598
2023-07-13,2.1624151062965393,0.8697595864657955,0.22795737847685815
2023-07-14,2.197880129814148,0.8845642575387118,0.19812534093856812
2023-07-17,2.2068558144569397,0.8836749874969968,0.2058112347126007
2023-07-18,2.3283127045631407,0.9323982351274722,0.1713564394414425
2023-07-19,2.3230808067321775,0.9308304669686609,0.1921214897930622
2023-07-20,2.3381917881965637,0.9370179887456509,0.17039442360401152
2023-07-21,2.340518982410431,0.9387841705965562,0.17005879625678064
2023-07-24,2.4653452920913694,0.98742016929503,0.11286117270588875
2023-07-25,2.2744702601432802,0.9142658872718343,0.20198850139975547
2023-07-26,2.178129472732544,0.8731454975801387,0.2346722373366356
2023-07-27,2.4539288663864136,0.9828747883598992,0.1316236212849617
2023-07-28,2.346859047412872,0.9393145353137935,0.17042514011263848
2023-07-31,2.354129421710968,0.9423511952792396,0.1547015665471554
2023-08-01,2.4146002531051636,0.966802479479431,0.13392584577202796
2023-08-02,2.4862909746170043,0.9956380298001654,0.10415007062256336
2023-08-03,2.4088572692871093,0.9644256688511477,0.15487971320748328
2023-08-04,2.4361877465248107,0.9738843243669778,0.14592742040753365
2023-08-07,2.4123070073127746,0.9659311115245095,0.14704180732369423
2023-08-08,2.465478901863098,0.9874690716172394,0.12856130212545394
2023-08-09,2.3751094055175783,0.9514193708676002,0.15429840996861457
2023-08-10,2.344922893047333,0.9397353437882221,0.16203704610466957
2023-08-11,2.156947331428528,0.8680597041742062,0.22213975384831428
2023-08-14,2.24357524394989,0.9024583467760727,0.19489914044737816
2023-08-15,2.203101840019226,0.8852781903198422,0.228263508528471
2023-08-16,2.2347890520095826,0.897319844241268,0.2103273805975914
2023-08-17,2.2485589933395387,0.9023379546369147,0.19635994493961334
2023-08-18,2.417908716201782,0.9680311277759663,0.1371554836630821
2023-08-21,2.296725368797779,0.918942802238775,0.20689113542437554
2023-08-22,2.2834437596797943,0.9165369076752892,0.20759058684110643
2023-08-23,2.241465003490448,0.9003056961204048,0.1831258448958397
2023-08-24,2.2783505725860596,0.9139750983195057,0.18487416297197343
2023-08-25,2.267207635641098,0.910251223260093,0.2129340110719204
2023-08-28,2.3921350193023683,0.9581331698584826,0.14974125623703002
2023-08-29,2.3006898307800294,0.9223291286890624,0.17985551163554192
2023-08-30,2.304138375520706,0.9257673668448217,0.2025993537902832
2023-08-31,2.307090561389923,0.9256228939041321,0.18419508665800094
2023-09-01,2.307222256660461,0.9250452165157641,0.1851700560748577
2023-09-05,2.2818007397651674,0.9139247562380999,0.19213743671774863
2023-09-06,2.337491202354431,0.9375223780563118,0.16354651972651482
2023-09-07,2.357342255115509,0.9457605145705165,0.1682738743722439
2023-09-08,2.3566648316383363,0.9444843371366324,0.14447604656219482
2023-09-11,2.2800893235206603,0.913725262168964,0.21580295771360397
2023-09-12,2.387679944038391,0.9574223138200576,0.17207968547940256
2023-09-13,2.3726973795890807,0.9506275537527858,0.1491213384270668
2023-09-14,2.4499161529541014,0.9811579281464773,0.12381081655621529
2023-09-15,2.440389037132263,0.9755176788491446,0.12754146501421929
2023-09-18,2.4818476009368897,0.9938400418289336,0.11369092628359795
2023-09-19,2.4115385222434997,0.9659591429199371,0.14745280399918556
2023-09-20,2.473114447593689,0.9907616611407396,0.11759504675865173
2023-09-21,2.4837669706344605,0.9946612512966133,0.10987287372350693
2023-09-22,2.2917094445228576,0.9203128025212692,0.18213099226355553
2023-09-25,2.482779655456543,0.9942611701762227,0.1077576619386673
2023-09-26,2.4803264999389647,0.9932654235107349,0.11191377252340316
2023-09-27,2.472707190513611,0.9901961321493055,0.11328259512782096
2023-09-28,2.476449656486511,0.9917358926956479,0.11582058444619178
2023-09-29,2.4224275231361387,0.9693925736683002,0.14816145583987236
2023-10-02,2.4550985288619995,0.9836882855156647,0.13249273031949996
2023-10-03,2.4834781646728517,0.9945443097428646,0.1134301681816578
2023-10-04,2.4673440504074096,0.9880768220112107,0.12332212567329406
2023-10-05,2.4764077186584474,0.9917445133492191,0.11561233088374138
2023-10-06,2.4788052558898928,0.992719618069049,0.11977405667304993
2023-10-09,2.4204709053039553,0.9694923955529423,0.14836667269468307
2023-10-10,2.3505957102775574,0.9407943922354853,0.16315731212496756
2023-10-11,2.3306270027160645,0.934324493787135,0.18281152874231338
2023-10-12,2.3739968299865724,0.9517512541454939,0.1629070258140564
2023-10-13,2.2929117822647096,0.9194068712497208,0.1668602742254734
2023-10-16,2.2035813760757446,0.8854867721770958,0.21894793063402176
2023-10-17,2.3412298440933226,0.9394640501125464,0.1501654176414013
2023-10-18,2.446313376426697,0.9801511053820009,0.1239357390999794
2023-10-19,2.4229857683181764,0.9706631229761585,0.1328530131280422
2023-10-20,2.456850290298462,0.9841811554363551,0.12285573452711106
2023-10-23,2.427988214492798,0.9725305703353098,0.1297662578523159
2023-10-24,2.481246871948242,0.9935544773406039,0.11403797253966332
2023-10-25,2.457626316547394,0.9836984077388604,0.12185141690075398
2023-10-26,2.465665979385376,0.9875661405173877,0.12205936953425407
2023-10-27,2.377113242149353,0.9514596369135966,0.14839776530861853
2023-10-30,2.443396430015564,0.979560541909043,0.1302035003900528
2023-10-31,2.437465991973877,0.9763015214512869,0.12939785569906234
2023-11-01,2.2908936405181883,0.9187513172680289,0.18608688578009605
2023-11-02,2.3781991314888002,0.9527913604057291,0.16571597903966903
2023-11-03,2.4593012046813967,0.9847621299612546,0.11943464636802674
2023-11-06,2.3913468503952027,0.9574954608685431,0.15189571514725686
2023-11-07,2.4532098889350893,0.9822979859860342,0.1257794438302517
2023-11-08,2.471635756492615,0.9899570390417908,0.11997624516487121
2023-11-09,2.4853021335601806,0.9953255162314355,0.11065331682562828
2023-11-10,2.214870579242706,0.8895207599648083,0.2146037383377552
2023-11-13,2.29769727230072,0.9225568351365803,0.1594981060922146
2023-11-14,2.413132700920105,0.9665459668080983,0.1382542346417904
2023-11-15,2.286384541988373,0.9160355660482385,0.17103625670075417
2023-11-16,2.437932107448578,0.976577129038757,0.1309213364124298
2023-11-17,2.432562594413757,0.9745401449231891,0.12003429770469666
2023-11-20,2.4061122941970825,0.9641828261851454,0.14485229924321175
2023-11-21,2.356918840408325,0.9456768417142081,0.17619582280516624
2023-11-22,2.365591208934784,0.9447380994602679,0.16125817552208901
2023-11-24,2.318003816604614,0.9303195120291485,0.18545617252588273
2023-11-27,2.166887023448944,0.8694316527922251,0.22846968576312066
2023-11-28,2.4202806186676025,0.9696705316572823,0.14681343272328376
2023-11-29,2.298150687217712,0.9229240245044149,0.1915157487988472
2023-11-30,2.4245699214935303,0.9710840640976548,0.1518024170398712
2023-12-01,2.233528549671173,0.8986430210989255,0.21653914406895639
2023-12-04,2.043304362297058,0.8230843574742367,0.2860643294453621
2023-12-05,2.1386423921585083,0.8614995738031225,0.26294738307595256
2023-12-06,2.3699131870269774,0.9476637055688524,0.1710534803569317
2023-12-07,2.282541630268097,0.9153540405562398,0.19697659492492675
2023-12-08,2.304039522409439,0.9227958264532417,0.1831555509567261
2023-12-11,2.406932063102722,0.9646035017105729,0.14914359107613565
2023-12-12,2.2511620593070982,0.9044769992019803,0.2137475150823593
2023-12-13,2.2438204193115237,0.9022809152600355,0.20980750128626824
2023-12-14,2.3174180388450623,0.9269407338241353,0.18285183250904083
2023-12-15,2.337078561782837,0.9357153630788929,0.17247269347310065
2023-12-18,2.393567180633545,0.9586267631894306,0.16520130798220634
2023-12-19,2.2240969252586367,0.8869714232470316,0.18308922231197358
2023-12-20,2.1239791560173034,0.8495076313174406,0.23482705786824226
2023-12-21,2.447337474822998,0.9797092319349765,0.13421251654624938
2023-12-22,2.4626037311553954,0.9860928635178887,0.12098003089427949
2023-12-26,2.3524570178985598,0.9423355677458721,0.16607247844338416
2023-12-27,2.4366818380355837,0.9761502680343418,0.12175169609487056
2023-12-28,2.4719643783569336,0.9898971508892587,0.1129174855351448
2023-12-29,2.268137595653534,0.9094132746401304,0.18031308382749558
2024-01-02,2.4431094121932984,0.9782883032386366,0.1295051307976246
2024-01-03,2.472545528411865,0.9901200613286797,0.11674608007073402
2024-01-04,2.481700873374939,0.9938930956730754,0.11060989931225777
2024-01-05,2.440511908531189,0.9779165501448672,0.13972801893949507
2024-01-08,2.4640952563285827,0.9863705777547043,0.12268578231334687
2024-01-09,2.4568484687805174,0.9841241901460662,0.1282639953494072
2024-01-10,2.47665253162384,0.9917216358932223,0.1131682687997818
2024-01-11,2.454706425666809,0.9833133396822816,0.13032431975007058
2024-01-12,2.4497028732299806,0.9807414481298825,0.13806599013507367
2024-01-16,2.3565944838523865,0.9438746109033257,0.1716584101319313
2024-01-17,2.410289218425751,0.9646815145845236,0.15673380598425865
2024-01-18,2.4766495037078857,0.9918336815866826,0.1218779680877924
2024-01-19,2.36654807806015,0.9483950884508537,0.17833018511533738
2024-01-22,2.175618152618408,0.874816114240611,0.22902459785342216
2024-01-23,2.3626264905929566,0.9460106953642982,0.17551171526312828
2024-01-24,2.327506618499756,0.9330484821095172,0.16500550270080566
2024-01-25,2.3282186603546142,0.9345056763005658,0.16235757157206535
2024-01-26,2.2284015917778017,0.8921344500435796,0.20083382681012155
2024-01-29,2.37372718334198,0.9508792270548683,0.15694803044199943
2024-01-30,2.4603121519088744,0.9853828025335332,0.12975624203681946
2024-01-31,2.463525447845459,0.9866486924647778,0.12109752058982849
2024-02-01,2.460490498542786,0.9853338652689234,0.12445951387286186
2024-02-02,2.4327311515808105,0.9730005042974321,0.14068705409765245
2024-02-05,2.322375876903534,0.9324031658201188,0.1720400370657444
2024-02-06,2.273388285636902,0.9141453280335995,0.21783840984106065
2024-02-07,2.415669791698456,0.9671488067392819,0.14990295529365538
2024-02-08,2.2951533341407777,0.9196951886247977,0.16621625050902367
2024-02-09,2.196155061721802,0.8804578330028572,0.19161219537258148
2024-02-12,2.264443428516388,0.908500101812734,0.21839680165052414
2024-02-13,2.358897545337677,0.9455474326437523,0.18843862622976304
2024-02-14,2.377511751651764,0.9532827165161115,0.16565901786088943
2024-02-15,2.2548259568214415,0.9035438383742737,0.22438664585351945
2024-02-16,2.279042994976044,0.9121777287865447,0.20861529126763345
2024-02-20,2.397833776473999,0.9610365246981695,0.14347792714834212
2024-02-21,2.306984131336212,0.9246723088687873,0.16609513118863106
2024-02-22,2.2961194562911986,0.9203762992399596,0.17210215747356414
2024-02-23,2.266709327697754,0.909614794734781,0.1840508261322975
2024-02-26,2.4224676966667174,0.9696762610494427,0.1462506629526615
2024-02-27,2.425744304656982,0.971353038104042,0.14608273953199385
2024-02-28,2.4405544924736025,0.9770352522806154,0.13036548256874084
2024-02-29,2.4089975261688235,0.9647963407668704,0.14707308232784272
2024-03-01,2.395816147327423,0.9597471448585334,0.1492328831553459
2024-03-04,2.1190295147895815,0.8508300831187031,0.24192117258906365
2024-03-05,2.1905895256996155,0.8786517126169606,0.2113656757771969
2024-03-06,2.37693341255188,0.9535161633552975,0.1353965823352337
2024-03-07,2.3222676801681517,0.9315288003774899,0.17242466479539872
2024-03-08,2.33729868888855,0.9374655065663834,0.1760146798193455
2024-03-11,2.4327100586891173,0.9740964197353498,0.14017172530293465
2024-03-12,2.4776620960235594,0.9923121211577243,0.11221925787627697
2024-03-13,2.2663591074943543,0.9104469578333442,0.19737510323524476
2024-03-14,2.383908698558807,0.9535116043958939,0.15330435186624528
2024-03-15,2.464409213066101,0.9869173154085844,0.1219675450026989
2024-03-18,2.48266056060791,0.9942060461092495,0.11110696032643318
2024-03-19,2.347569262981415,0.9414068405829349,0.16537241905927658
2024-03-20,2.380763075351715,0.9547439456091005,0.14236056715250014
2024-03-21,2.4005526542663573,0.9623297156920947,0.15675978407263755
2024-03-22,2.31787563085556,0.9298127458242423,0.15933723092079163
2024-03-25,2.256106958389282,0.9064340259426629,0.20258565872907638
2024-03-26,2.422996232509613,0.970468850511861,0.14301079541444778
2024-03-27,2.3501035594940185,0.9403566229595366,0.148889389783144
2024-03-28,2.385070276260376,0.9561106015531002,0.15043191999197006
2024-04-01,2.2249607110023497,0.8915885612865434,0.24673518776893616
2024-04-02,2.377703411579132,0.9532301015854445,0.1499413825571537
2024-04-03,2.2412318456172944,0.8993346801716048,0.2148715989291668
2024-04-04,2.3311149406433107,0.9332582685961078,0.18584082394838333
2024-04-05,2.2103516173362734,0.8870334557130987,0.20720079854130746
2024-04-08,2.3096923351287844,0.9277949077707326,0.16479391023516654
2024-04-09,2.2705022048950196,0.9114651734337323,0.183988743275404
2024-04-10,2.369299235343933,0.950398009048484,0.1668376436829567
2024-04-11,2.38033926486969,0.9537157692008287,0.14924662232398986
2024-04-12,2.4628689813613893,0.9860471472512201,0.12882112860679626
2024-04-15,2.3731058120727537,0.9515324661713832,0.1512659551203251
2024-04-16,2.3155942511558534,0.927635744732979,0.1486794337630272
2024-04-17,2.4847082042694093,0.9949963600151817,0.10782725870609283
2024-04-18,2.444045033454895,0.9786200076003894,0.1378691977262497
2024-04-19,2.477654983997345,0.991826733452982,0.11593826904892922
2024-04-22,2.4771259212493897,0.9920236500518256,0.11082508131861686
2024-04-23,2.4427241468429566,0.9783461221969784,0.12632430225610733
2024-04-24,2.2665566539764406,0.910253580905684,0.2127696929872036
2024-04-25,2.4870913553237917,0.9960190823711408,0.1076353706419468
2024-04-26,2.39512553691864,0.9600298322253862,0.16691276654601098
2024-04-29,2.343316547870636,0.9398824532356312,0.1565666054189205
2024-04-30,2.178620481491089,0.8734326766770174,0.2164110904932022
2024-05-01,2.341213793754578,0.9393076640753975,0.17947592034935952
2024-05-02,2.3872347187995913,0.9561587260751163,0.15294143319129944
2024-05-03,2.4761807107925415,0.9914864724046585,0.11025883249938488
2024-05-06,2.435123789310455,0.9751900124092283,0.13847563162446022
2024-05-07,2.288760039806366,0.9187118540791309,0.19592455819249152
2024-05-08,2.3615788507461546,0.946257600362675,0.1599169094860554
2024-05-09,2.3585227274894716,0.945215086450033,0.15771528512239455
2024-05-10,2.42015820980072,0.96811538603479,0.14169848516583441
2024-05-13,2.4744076204299925,0.9908015897280987,0.11583637729287148
2024-05-14,2.3704862546920777,0.9497927226199375,0.17761025279760362
2024-05-15,2.376013150215149,0.9522722500742702,0.15895040601491928
2024-05-16,2.454376425743103,0.9830342472266183,0.13339298754930495
2024-05-17,2.3111951637268064,0.927044421515913,0.19910307973623276
2024-05-20,2.2046484470367433,0.8859148137101656,0.21503392085433007
2024-05-21,2.188653240203857,0.8787989668518711,0.22665318623185157
2024-05-22,2.3994999623298643,0.9612866807506107,0.15532342985272407
2024-05-23,2.328512575626373,0.9338491464079943,0.16069196343421935
2024-05-24,2.342417814731598,0.9383311215738614,0.1748575033247471
2024-05-28,2.4721492385864257,0.9899252718940176,0.11722723633050919
2024-05-29,2.430413510799408,0.9729318869025798,0.13512934118509293
2024-05-30,2.2930088210105897,0.9213501436722494,0.18019551336765288
2024-05-31,2.325465612411499,0.9332586666636777,0.16341919898986818
2024-06-03,2.2956392049789427,0.9207627135966296,0.18299704357981683
2024-06-04,2.365097177028656,0.9478523804699174,0.13936631858348847
2024-06-05,2.358450450897217,0.9462829743834682,0.15573624894022942
2024-06-06,2.257556879520416,0.907030880228809,0.18955209702253342
2024-06-07,2.4674938106536866,0.988373452134597,0.1187595009803772
2024-06-10,2.4376666259765627,0.9765659685648651,0.13986570671200751
2024-06-11,2.4205521392822265,0.9697844703896604,0.15173948109149932
2024-06-12,2.3378902792930605,0.9375569009050616,0.18041948556900025
2024-06-13,2.386713435649872,0.957069020416826,0.1630082069337368
2024-06-14,2.267863059043884,0.9114199475146276,0.19000704005360602
2024-06-17,2.2798126459121706,0.9154407389394348,0.18315214589238166
2024-06-18,2.251886365413666,0.9041599638259136,0.18773332223296166
2024-06-20,2.221727614402771,0.8931600506313102,0.19273627012968064
2024-06-21,2.202799732685089,0.8860673748190148,0.22789720207452774
2024-06-24,2.351052072048187,0.9431432951516409,0.1450708355009556
2024-06-25,2.218893847465515,0.8891490781961865,0.19388488069176674
2024-06-26,2.2784102869033815,0.9152547335719625,0.15748752966523172
2024-06-27,2.2836813378334044,0.9177515033015697,0.16465715065598488
2024-06-28,2.472528862953186,0.9900846646797035,0.11687185063958168
2024-07-01,2.468725309371948,0.9883996289385414,0.11862268552184105
2024-07-02,2.2807837677001954,0.9152544488851367,0.19651934266090393
2024-07-03,2.4316273736953735,0.9737029336759412,0.14402815118432044
2024-07-05,2.3103569102287294,0.9269762723812444,0.17688591614365579
2024-07-08,2.188400881290436,0.8782343486036275,0.21011485666036606
2024-07-09,2.3523736000061035,0.9437131084969583,0.167531316280365
2024-07-10,2.36033483505249,0.9461430543697814,0.16410425662994385
2024-07-11,2.2717959260940552,0.911825660519008,0.18729174956679345
2024-07-12,2.3425456047058106,0.9393819449969153,0.17167176574468612
2024-07-15,2.31391361951828,0.929088110617818,0.1616973374783993
2024-07-16,2.294301383495331,0.9196176990401347,0.1806480458378792
2024-07-17,2.292069730758667,0.9152952943915192,0.1679648894071579
2024-07-18,2.4413667368888854,0.9780878053876753,0.1291777268052101
2024-07-19,2.465579445362091,0.9869670542913209,0.12392984122037888
2024-07-22,2.3863912630081177,0.9551196950418094,0.15206474483013152
2024-07-23,2.429812722206116,0.9722416146030852,0.13284992545843125
2024-07-24,2.4475901746749877,0.9800708318608674,0.11997190222144127
2024-07-25,2.468348503112793,0.9885033104167027,0.10938567489385605
2024-07-26,2.4774143362045287,0.9919944975689549,0.11312587022781372
2024-07-29,2.4729278755187987,0.9901138384126023,0.11652738273143769
2024-07-30,2.374943015575409,0.9506337766015222,0.14855613693594932
2024-07-31,2.3618958473205565,0.945479396703653,0.17190112441778183
2024-08-01,2.3562853503227235,0.9448512927521012,0.157117660343647
2024-08-02,2.4374845886230467,0.9768012287857486,0.12982057735323907
2024-08-05,2.4709727716445924,0.9896108985996435,0.12019042268395425
2024-08-06,2.4389543104171754,0.9773125705289897,0.13858071058988572
2024-08-07,2.464948558807373,0.9871711056911638,0.11955352976918221
2024-08-08,2.4496464252471926,0.981343895776034,0.12569015577435494
2024-08-09,2.474555740356445,0.9909199363454734,0.12001503810286522
2024-08-12,2.274591429233551,0.9134635874736557,0.205986168384552
2024-08-13,2.389772436618805,0.9571088043347306,0.16209336072206498
2024-08-14,2.410268573760986,0.9652035378967857,0.16115144789218902
2024-08-15,2.3203193616867064,0.9308064023556593,0.1869545117020607
2024-08-16,2.122385187149048,0.8527250140261742,0.2325732047855854
2024-08-19,2.1560474252700805,0.867186883854635,0.21272455871105195
2024-08-20,2.2560586500167847,0.9064406652812758,0.2101627491414547
2024-08-21,2.1372085356712343,0.8609441514297302,0.27266129687428475
2024-08-22,2.4704948091506957,0.9892961688863915,0.11132633298635483
2024-08-23,2.281422531604767,0.9165057141752234,0.20023277744650841
2024-08-26,2.342806041240692,0.9373087331023813,0.1838456028699875
2024-08-27,2.3072643518447875,0.9251164788269989,0.16336610049009323
2024-08-28,2.184859354496002,0.8769827814983627,0.21765301883220672
2024-08-29,2.411780745983124,0.964571954598779,0.14566975384950637
2024-08-30,2.4327786445617674,0.9739968618161319,0.13963657662272452
2024-09-03,2.3986674785614013,0.9613270587167547,0.1439012823998928
2024-09-04,2.4742005109786986,0.9906741887165609,0.11705796599388123
2024-09-05,2.40467574596405,0.9642055762091516,0.15512787953019141
2024-09-06,2.446602530479431,0.9795306065044973,0.13692835360765457
2024-09-09,2.389299349784851,0.9571874125380974,0.170972530990839
2024-09-10,2.4807015085220336,0.993421766129828,0.10332198098301887
2024-09-11,2.3922257614135742,0.9569860429094343,0.16033652126789094
2024-09-12,2.463133339881897,0.9860513283692355,0.125788085013628
2024-09-13,2.3932095527648927,0.9593479507233643,0.16331939578056334
2024-09-16,2.420259864330292,0.969668326544022,0.14895913138985634
2024-09-17,2.2503861421346665,0.8967440869766504,0.21158970519900322
2024-09-18,2.381906363964081,0.9546275970580043,0.14653664082288742
2024-09-19,2.344813916683197,0.9407877511460498,0.15859386518597604
2024-09-20,2.3698440480232237,0.9497115155626542,0.15625039756298065
2024-09-23,2.4279820728302,0.9722442927201378,0.1491816046833992
2024-09-24,2.277294628620148,0.9149192370929459,0.1699229384958744
2024-09-25,2.229466779232025,0.8919749561373688,0.23263894349336625
2024-09-26,2.3906020283699037,0.9577328314073842,0.13841082870960236
2024-09-27,2.202461185455322,0.881184836712825,0.2108338889479637
2024-09-30,2.2987298226356505,0.9200406747131429,0.17516446977853775
2024-10-01,2.2206784415245058,0.8883374610971078,0.2005776447057724
2024-10-02,2.3132222390174864,0.9279681663059995,0.18397113755345346
2024-10-03,2.14650691986084,0.8598252319929743,0.20679233133792876
2024-10-04,2.3741727328300475,0.9506010328747746,0.15958060652017594
2024-10-07,2.3770506143569947,0.9531848470656484,0.15228593796491624
2024-10-08,2.273440682888031,0.9113679686081743,0.19627127200365066
2024-10-09,2.248814046382904,0.9026569931151559,0.20660711601376533
2024-10-10,2.4786052560806273,0.9921825070030041,0.11873705610632897
2024-10-11,2.4715434312820435,0.9896795685701087,0.115071339905262
2024-10-14,2.253871681690216,0.9059587630737045,0.20584556668996812
2024-10-15,2.3994622445106506,0.9610466841284878,0.15659736722707748
2024-10-16,2.380463583469391,0.9542988091596171,0.1656057818233967
2024-10-17,2.354939603805542,0.9444710349140557,0.16771948605775833
2024-10-18,2.4222909903526304,0.9700432783315038,0.1405651693046093
2024-10-21,2.4600272083282473,0.9850941884484969,0.12863642618060112
2024-10-22,2.3960575437545777,0.961851627815332,0.16838965117931365
2024-10-23,2.452703218460083,0.9817983256240879,0.13214624792337418
2024-10-24,2.475720148086548,0.9915160401759527,0.11985047101974487
2024-10-25,2.4186813592910767,0.9695472685679302,0.14749405935406684
2024-10-28,2.3403780817985536,0.9387174024637751,0.16689607203006745
2024-10-29,2.2693721723556517,0.9119885719739141,0.21098263934254646
2024-10-30,2.48252827167511,0.9941350685850268,0.1135577654838562
2024-10-31,2.450859546661377,0.9811086298436855,0.1304532514512539
2024-11-01,2.4673934173583985,0.9881087892969971,0.12283191591501236
2024-11-04,2.4867976236343385,0.9958641023342589,0.10374494761228562
2024-11-05,2.4278970074653627,0.9727099825093093,0.13044048026204108
2024-11-06,2.4550109338760375,0.982986328361136,0.11690720632672309
2024-11-07,2.0652493059635164,0.8300634463512827,0.2941086405515671
2024-11-08,2.149253053665161,0.863461599385318,0.26742431178689
2024-11-11,2.2789440965652465,0.9126374825127993,0.18737117931246758
2024-11-12,2.299382203221321,0.9213736103588053,0.21679702773690224
2024-11-13,2.2673021292686464,0.9106960010845779,0.19332859948277473
2024-11-14,2.3432256984710693,0.9384621481742641,0.17623107954859735
2024-11-15,2.3641026258468627,0.9466206508711046,0.16861468970775603
2024-11-18,2.483926005363464,0.9946244144195421,0.10601237893104554
2024-11-19,2.4050499510765078,0.9634204480018606,0.15632781326770784
2024-11-20,2.4353557562828065,0.9753312864921725,0.12772129684686662
2024-11-21,2.4646368980407716,0.9871758304843284,0.12154674232006073
2024-11-22,2.329540057182312,0.9350923731146795,0.15912399500608443
2024-11-25,2.472287349700928,0.9899808902771094,0.12113913625478745
2024-11-26,2.479796953201294,0.9931041557095878,0.1102055399119854
2024-11-27,2.2982738399505616,0.9206393502289859,0.19353033497929573
2024-11-29,2.347045571804047,0.9414618247698603,0.1496353989839554
2024-12-02,2.332125012874603,0.9341118200825888,0.18187454089522362
2024-12-03,2.373884561061859,0.9510282284319069,0.16120944947004318
2024-12-04,2.333656675815582,0.9358888596308685,0.15051688447594644
2024-12-05,2.4611048889160156,0.9856036550412719,0.1191233991086483
2024-12-06,2.1487118291854856,0.8663143536362747,0.21515853464603424
2024-12-09,2.272666821479797,0.9117257371213392,0.1828614404797554
2024-12-10,2.4095298790931703,0.9647476239360592,0.15289082273840904
2024-12-11,2.3127660536766053,0.9271592635852497,0.1804060558974743
2024-12-12,2.166704385280609,0.8695746065060718,0.2477157384157181
2024-12-13,2.2324101519584656,0.8969101020100827,0.18095863744616508
2024-12-16,2.1946171617507932,0.8815301446639389,0.21602003678679466
2024-12-17,2.4247801804542544,0.9713441377009285,0.1450476762652397
2024-12-18,2.2181052708625795,0.8915442190846972,0.2190392042696476
2024-12-19,2.384226517677307,0.9560808901670679,0.14614314824342728
2024-12-20,2.411682047843933,0.9655569597025351,0.15076858222484588
2024-12-23,2.452892417907715,0.9820914905973567,0.12338858544826507
2024-12-24,2.355610270500183,0.9448006663177231,0.14452951833605765
2024-12-26,2.168305835723877,0.8721040820098855,0.21908348351716994
2024-12-27,2.1535203766822817,0.8671187101784515,0.22818224176764487
2024-12-30,2.3777167916297914,0.9527848721387842,0.16169629946351052
2024-12-31,2.4656551551818846,0.9866247620461095,0.1229872940480709
2025-01-02,2.479457278251648,0.9928490262970616,0.11236417725682259
2025-01-03,2.3337541317939756,0.9332831103072049,0.14887341111898422
2025-01-06,2.44770783662796,0.9800474043028141,0.13244757160544396
2025-01-07,2.449359302520752,0.981325887583671,0.13565608136355878
2025-01-08,2.447445318698883,0.9799855695005485,0.13254378274083137
2025-01-10,2.310227167606354,0.9257509133522998,0.1869640803337097
2025-01-13,2.4528104877471923,0.9824950719681951,0.1291290009021759
2025-01-14,2.450770854949951,0.9815013258149218,0.13026425182819368
2025-01-15,2.4006753754615784,0.9612009463876798,0.14402409479022027
2025-01-16,2.188075587749481,0.8762817571810284,0.2125683656334877
2025-01-17,2.3960680878162384,0.9562544738380159,0.1646319231390953
2025-01-21,2.381510465145111,0.95398656906984,0.14210305377840995
2025-01-22,2.2925613355636596,0.9164803519870471,0.17364246770739555
2025-01-23,2.4130446481704713,0.9666489606734504,0.14006965816020966
2025-01-24,2.3623465156555175,0.945494077230655,0.1543075707554817
2025-01-27,2.277367787361145,0.9129333342198138,0.19398109942674638
2025-01-28,2.4506471586227416,0.9819468649016463,0.1255444073677063
2025-01-29,2.427170066833496,0.9723794291905717,0.12914910092949866
2025-01-30,2.468021767139435,0.9882305314394483,0.12474388241767884
2025-01-31,2.4206353044509887,0.9692240352855549,0.1442951962351799
2025-02-03,2.4314937448501586,0.9739013380841132,0.14102265387773513
2025-02-04,2.4767126750946047,0.9918577406944867,0.11059430912137032
2025-02-05,2.485709753036499,0.9953899379415182,0.10678804725408554
2025-02-06,2.3603523063659666,0.947015075207613,0.16324528247117998
2025-02-07,2.436114673614502,0.9760096796366714,0.13745143935084342
2025-02-10,2.4197737121582032,0.9699213701471885,0.15104649260640143
2025-02-11,2.410418598651886,0.9658835942927899,0.14605631947517395
2025-02-12,2.4159245920181274,0.9681886454264433,0.15151218861341476
2025-02-13,2.488683762550354,0.9966320250164431,0.10347749181091785
2025-02-14,2.443554561138153,0.9789859568415464,0.13793908625841142
2025-02-18,2.375584349632263,0.9522029053768292,0.15024115219712258
2025-02-19,2.4574471282958985,0.9844251403930759,0.12019541427493095
2025-02-20,2.3212667059898378,0.9296230144199847,0.17527414619922638
2025-02-21,2.4643950128555296,0.9869716323887942,0.12229165896773338
2025-02-24,2.479554147720337,0.9928921545467556,0.11546242862939834
2025-02-25,2.298585729598999,0.9220371007654049,0.2042115108668804
2025-02-26,2.4749037265777587,0.9909109330973555,0.10734514884650707
2025-02-27,2.3474244546890257,0.9418321556939219,0.15674813970923424
2025-02-28,2.467552695274353,0.9882989077753878,0.11682819679379464
2025-03-03,2.4860577297210695,0.9955434901194393,0.1058690682053566
2025-03-04,2.44755512714386,0.9798941362870572,0.13487468376755715
2025-03-05,2.4702992677688598,0.9892508462718079,0.12036224037408828
2025-03-06,2.1117757403850557,0.8448096455769339,0.24835964679718017
2025-03-07,2.3239124035835266,0.9289357806900821,0.16266219094395637
2025-03-10,2.4223677849769594,0.969895788165935,0.14839288145303725
2025-03-11,2.4444270968437194,0.9788553981490301,0.1389690564572811
2025-03-12,2.4610437107086183,0.9855616264726673,0.12784164682030677
2025-03-13,2.4701919174194336,0.9892208956740538,0.11538707226514816
2025-03-14,2.3021243143081667,0.924288501768103,0.20081095054745673
2025-03-17,2.283992649316788,0.9159716641167763,0.1856958808004856
2025-03-18,2.4051571607589723,0.9639558822075409,0.13804988265037538
2025-03-19,2.288224365413189,0.9169694439589182,0.19434249371290208
2025-03-20,2.2507799291610717,0.9008316918248959,0.1990749441087246
2025-03-21,2.3430483198165892,0.9382087530228647,0.1799243114888668
2025-03-24,2.474360074996948,0.9909328013493167,0.1186883145570755
2025-03-25,2.2232668662071227,0.8925439115175026,0.19711862683296202
2025-03-26,2.2061643862724303,0.886427530232167,0.2132289692759514
2025-03-27,2.2369042110443114,0.897087217114136,0.20596323788166046
2025-03-28,2.345453736782074,0.9398358972020353,0.17566702872514725
2025-03-31,2.360759916305542,0.9436343823557164,0.18404740914702417
2025-04-01,2.4695911312103274,0.9888069684577652,0.12117206171154976
2025-04-02,2.433171281814575,0.9740167472450716,0.15035397589206695
2025-04-03,2.437519495487213,0.9754041119842671,0.14680325329303742
2025-04-04,2.455469572544098,0.9821803863176787,0.132515479773283
2025-04-07,2.480402669906616,0.9934057905002872,0.11232777014374733
2025-04-08,2.3761511039733887,0.9516184415958621,0.1720986969769001
2025-04-09,2.319082281589508,0.9297760832269796,0.17754319921135903
2025-04-10,2.4297391247749327,0.9720709302726621,0.14747271552681923
2025-04-11,2.4120973253250124,0.9649408555104796,0.15769412338733674
2025-04-14,2.4397812986373903,0.9772004586727914,0.14155545860528945
2025-04-15,2.330358762741089,0.935097742605613,0.17526624783873557
2025-04-16,2.388598027229309,0.9556015118795019,0.15758081942796706
2025-04-17,2.249051594734192,0.9002795080298657,0.21661511674523354
2025-04-21,2.4497328901290896,0.9809772073496752,0.12998853683471678
2025-04-22,2.438841996192932,0.9765598789623247,0.1366758294403553
2025-04-23,2.4803496742248536,0.9931831033018789,0.1084470309317112
2025-04-24,2.4250954031944274,0.970523980585423,0.14745113074779512
2025-04-25,2.4497177696228025,0.9811724473408102,0.13164865285158156
2025-04-28,2.3859858441352846,0.9563467474998446,0.16042978763580323
2025-04-29,2.3111047673225404,0.9266291153459786,0.1760651969909668
2025-04-30,2.3852246713638308,0.9566388601520386,0.1647370734810829
2025-05-01,2.4625980043411255,0.9860482610647705,0.12096200034022331
2025-05-02,2.3831060409545897,0.954472378978257,0.16357941031455994
2025-05-05,2.3857334518432616,0.9543548589390087,0.16526391580700875
2025-05-06,2.3983212685585023,0.9601798053689617,0.1574673494696617
2025-05-07,2.413059778213501,0.9666341371675492,0.1525544571876526
2025-05-08,2.2370043897628786,0.8949886215229096,0.2190084107220173
2025-05-09,2.4119371247291563,0.9663508501034233,0.14312684372067452
2025-05-12,2.4681309032440186,0.9885114473190856,0.12359188452363014
2025-05-13,2.3917173671722414,0.9581441258132505,0.1581760199368
2025-05-14,2.2511666679382323,0.9033819436829503,0.19403869345784186
2025-05-15,2.278094460964203,0.9133110875856301,0.19480643406510353
2025-05-16,2.349729356765747,0.9426310365974534,0.1573020623624325
2025-05-19,2.2283177280426028,0.8930646983487521,0.21215247437357904
2025-05-20,2.3530382394790648,0.94138670047455,0.17315391227602958
2025-05-21,2.3177911853790283,0.9291297714345426,0.19211568400263787
2025-05-22,2.2229580426216127,0.891138444378994,0.20757631853222847
2025-05-23,2.33154351234436,0.9305316655213172,0.20304660007357597
2025-05-27,2.26895711183548,0.9088561524689891,0.1914725749194622
2025-05-28,2.358263714313507,0.9450542292718227,0.16694783806800842
2025-05-29,2.491668004989624,0.9977467249245265,0.09727873831987381
2025-05-30,2.3024781954288485,0.9193106844686444,0.21249487593770028
2025-06-02,2.4746193361282347,0.9911935424147874,0.1169464921951294
2025-06-03,2.3558395528793334,0.9444586060977044,0.1828259278833866
2025-06-04,2.28542875289917,0.9157430055919207,0.19031771153211594
2025-06-05,2.296837465763092,0.9196242443712873,0.19184195458889008
2025-06-06,2.3463923931121826,0.9366164571048929,0.19223291471600532
2025-06-09,2.352438580989838,0.9442227841659288,0.19539253816008567
2025-06-10,2.427391448020935,0.9727992229903086,0.13391679018735886
2025-06-11,2.4212801861763,0.9695262381429335,0.15057093814015388
2025-06-12,2.486571025848389,0.9957045947585107,0.10219473026692867
2025-06-13,2.301596472263336,0.9234713280648912,0.17846017107367515
2025-06-16,2.4063358020782473,0.9631810451077643,0.1503964039683342
2025-06-17,2.224347777366638,0.8908171278578663,0.19550488293170928
2025-06-18,2.3840248250961302,0.955297840707324,0.15604715406894684
2025-06-20,2.438055295944214,0.9764242818088961,0.13099295541644096
2025-06-23,2.28896324634552,0.918082147285174,0.2008546444773674
2025-06-24,2.379611899852753,0.9534230578130337,0.15303210392594338
2025-06-25,2.2559731340408327,0.9040742297253175,0.19856289014220238
2025-06-26,2.2939080250263215,0.9197389740089225,0.2054178674519062
2025-06-27,2.4031450366973877,0.9625598461966612,0.1511170206964016
2025-06-30,2.1597595763206483,0.8667005486222524,0.2360044740140438
2025-07-01,2.423397397994995,0.970922104168497,0.13042034864425658
2025-07-02,2.4209000945091246,0.9684318117340007,0.12900542438030244
2025-07-03,2.183971073627472,0.8742891480216269,0.2136234886944294
2025-07-07,2.148869662284851,0.8617400982712797,0.20946545258164406
2025-07-08,2.2583978939056397,0.9068922265694517,0.18592612758278848
2025-07-09,2.338524513244629,0.9362428942405924,0.18142286747694014
2025-07-10,2.3522147655487062,0.9425628457776135,0.1589243520796299
2025-07-11,2.4372675108909605,0.9760288942326683,0.13572794452309608
2025-07-14,2.3956672763824463,0.9596522174484062,0.1542237450182438
2025-07-15,2.4858338689804076,0.9954757275270518,0.10874608114361763
2025-07-16,2.446296627521515,0.9799750928228788,0.14153355970978737
2025-07-17,2.493074264526367,0.998369003425593,0.09615515850484371
2025-07-18,2.2922967290878296,0.9171374455041637,0.1738802433013916
2025-07-21,2.3634857392311095,0.9456954966245691,0.15216469526290893
2025-07-22,2.4261776781082154,0.9715625042004643,0.13478750064969064
2025-07-23,2.47877112865448,0.9926120446479153,0.10604601226747036
2025-07-24,2.4759261131286623,0.9908833944461684,0.1118825313448906
2025-07-25,2.246338255405426,0.9020570167817032,0.22752918928861618
2025-07-28,2.185689890384674,0.8792560401761362,0.23062800496816635
2025-07-29,2.274350206851959,0.9125350511954248,0.1828913575410843
2025-07-30,2.468284258842468,0.9887108765805466,0.11921107694506645
2025-07-31,2.480737247467041,0.993412981485783,0.10914175033569336
2025-08-01,2.4808605098724366,0.9933944310850252,0.11151443615555763
2025-08-04,2.4460711026191713,0.9801749309366821,0.1408253663778305
2025-08-05,2.424753909111023,0.9721621985983397,0.14680780574679375
2025-08-06,2.4664074611663818,0.9878601719525502,0.12558297276496888
2025-08-07,2.3129431223869323,0.9281691823901116,0.1741739770770073
2025-08-08,2.475602140426636,0.9913710942188542,0.11470346093177795
2025-08-11,2.4850337648391725,0.995231938879312,0.11007779911160469
2025-08-12,2.2993795585632326,0.9236692736927662,0.19288943082094193
2025-08-13,2.4760290670394896,0.9913253896906579,0.11708729282021522
2025-08-14,2.480043215751648,0.9930631683744322,0.10992775842547417
2025-08-15,2.4863579177856447,0.9956648757047537,0.10656658232212067
2025-08-18,2.401981842517853,0.9604040073117299,0.16014229699969293
2025-08-19,2.3102236127853395,0.9233934547109581,0.20461229085922242
2025-08-20,2.396640679836273,0.957363893347999,0.16232080563902854
2025-08-21,2.4617229175567625,0.9859432820036589,0.12649008572101594
2025-08-22,2.4745951509475708,0.9904581939969367,0.11844598904252052
2025-08-25,2.36187655210495,0.9448676594385654,0.16703272894024848
2025-08-26,2.480437984466553,0.9931415521113661,0.10774537965655327
2025-08-27,2.248518637418747,0.8970921486010006,0.20064229786396026
2025-08-28,2.2987978076934814,0.9193725237381345,0.1942727616429329
2025-08-29,2.3000398445129395,0.9196962348584121,0.18393796369433402
2025-09-02,2.4177723121643067,0.9686267526623525,0.14879311099648476
2025-09-03,2.4465571427345276,0.9780624030996049,0.12895565509796142
2025-09-04,2.3368572229146958,0.9356612469680289,0.1928556753695011
2025-09-05,2.488204836845398,0.9963563571478028,0.09663778111338615
2025-09-08,2.2859206295013426,0.917863444936323,0.2058525139093399
2025-09-09,2.303283531665802,0.9235410910447654,0.17331617206335068
2025-09-10,2.1718661308288576,0.8674528154439415,0.23615419447422029
2025-09-11,2.213382079601288,0.8868374669368069,0.21077904134988784
2025-09-12,2.302871434688568,0.9227636182498687,0.1631956034898758
2025-09-15,2.3853232049942017,0.9560950107823029,0.1695837700366974
2025-09-16,2.062402858734131,0.831746583901562,0.28627964690327645
2025-09-17,2.3262446641922,0.9329440443300772,0.1751897595822811
2025-09-18,2.3524104928970337,0.943005222500857,0.14631281331181525
2025-09-19,2.3168652749061582,0.9270512772165995,0.17889117553830147
2025-09-22,2.454793710708618,0.9829271091698595,0.12277119770646096
2025-09-23,2.394481563568115,0.9597246576606858,0.15291542038321496
2025-09-24,2.3667174649238585,0.9479243533509435,0.1527661132067442
2025-09-25,2.389959809780121,0.9577409385288772,0.14006364911794664
2025-09-26,2.4654076862335206,0.9873818089682677,0.11684573754668236
2025-09-29,2.4880113077163695,0.9963335477857013,0.10627240881323814
2025-09-30,2.475833578109741,0.9914930275564722,0.11651035964488983
2025-10-01,2.299962158203125,0.9226919164729985,0.17744018331170083
2025-10-02,2.3325723206996916,0.9327812341262482,0.18876116022467612
2025-10-03,2.275554032325745,0.9129924702849237,0.18253964588046073
2025-10-06,2.2774817419052122,0.9125485371628482,0.19459615916013717
2025-10-07,2.2373736190795896,0.8967557798518455,0.21775266140699387
2025-10-08,2.462685739994049,0.985723980590556,0.12802061796188355
2025-10-09,2.308285574913025,0.9252519623277295,0.164015094935894
2025-10-10,2.2213414478302003,0.886640186124993,0.22309654459357262
2025-10-13,2.3884948086738587,0.9551157137306195,0.14374311298131942
2025-10-14,2.3976494550704954,0.9595229243300142,0.16776421099901198
2025-10-15,2.4316310024261476,0.9727880727621813,0.11821916818618775
2025-10-16,2.317798228263855,0.9310406408635348,0.18452807188034057
2025-10-17,2.3138713359832765,0.9288515640074051,0.16159489750862122
2025-10-20,2.446861562728882,0.980225381911877,0.12274587333202362
2025-10-21,2.3806933856010435,0.9550427808627964,0.1317749375104904
2025-10-22,2.4421344065666197,0.9784043427874879,0.12070923700928687
2025-10-23,2.430599253177643,0.9725350977240476,0.1435193771123886
2025-10-24,2.220834391117096,0.8945137376486647,0.20948317304253578
2025-10-27,2.3273178219795225,0.932884870529177,0.16189561828970908
2025-10-28,2.4799134731292725,0.9931405233471312,0.11069374471902847
2025-10-29,2.4134869146347047,0.967429926129619,0.13358532056212424
2025-10-30,2.410187156200409,0.965445321265001,0.15960382372140886
2025-10-31,2.476694073677063,0.9917321122034798,0.11428904011845589
2025-11-03,2.4603953695297243,0.9851118192122813,0.13007048651576042
2025-11-04,2.401214258670807,0.9621501779800105,0.14146735340356828
2025-11-05,2.3250518083572387,0.9315186276705104,0.16120154678821563
2025-11-06,2.480168833732605,0.9931529844306769,0.10631911113858222
2025-11-07,2.4299981999397278,0.9732813824584798,0.13108599960803985
2025-11-10,2.4872233390808107,0.9959954851031435,0.10646593011915684
2025-11-11,2.385754654407501,0.9562395418995071,0.1524693164229393
2025-11-12,2.470678062438965,0.9894575307917609,0.12192761912941932
2025-11-13,2.4639883852005005,0.9868224693052994,0.12177817478775978
2025-11-14,2.4594915676116944,0.9850361698740945,0.12918084889650344
2025-11-17,2.4524182510375976,0.9817633902488602,0.13086840897798538
2025-11-18,2.3657113027572634,0.9485315197405962,0.14531131938099862
2025-11-19,2.477204475402832,0.9918879212331352,0.11592618212103843
2025-11-20,2.4819567441940307,0.9938528031195709,0.10980509363114833
2025-11-21,2.3859716939926146,0.9552376578266353,0.14963906794786452
2025-11-24,2.421171395778656,0.9699481735894335,0.1339605590701103
2025-11-25,2.3340946412086487,0.9369514988354699,0.1536921638250351
2025-11-26,2.457968821525574,0.984183965338979,0.12290626004338265
2025-11-28,2.359059841632843,0.9450170451354275,0.17564797654747963
2025-12-01,2.159666543006897,0.868343817986641,0.2462970444560051
2025-12-02,2.1617718029022215,0.8660466943352715,0.21352239727973937
2025-12-03,2.4636413979530336,0.9863213581192505,0.13011033281683923
2025-12-04,2.421901755332947,0.9701616701120033,0.1439367039501667
2025-12-05,2.479369034767151,0.9928717459624736,0.10933111652731896
2025-12-08,2.34282710313797,0.9379737636506212,0.16584133684635163
2025-12-09,2.3065308809280394,0.9217291788019131,0.20660933330655099
2025-12-10,2.3521145462989805,0.9434011814429103,0.17992012754082679
2025-12-11,2.371627485752106,0.946906640619865,0.16360275641083719
2025-12-12,2.3599522352218627,0.9459513499056385,0.145586466640234
2025-12-15,2.4236248898506165,0.9704186854072906,0.1448820549249649
2025-12-16,2.3353040647506713,0.9360219730450862,0.1805790001153946
2025-12-17,2.4416963338851927,0.9781712413333188,0.14330611228942872
2025-12-18,2.380428388118744,0.9538125629439809,0.16171628892421722
2025-12-19,2.341790807247162,0.9396410545466822,0.16302141338586806
2025-12-22,2.412886118888855,0.9675519249726436,0.13905693784356118
2025-12-23,2.3454736065864563,0.9408012611560923,0.1671587510406971
2025-12-24,2.3283250451087953,0.9349556587898422,0.16663594290614128
2025-12-26,2.3870826244354246,0.9562868303281924,0.1484287804365158
2025-12-29,2.28056236743927,0.9143271731783662,0.18078470841050148
2025-12-30,2.4518943667411803,0.9819605531891175,0.1210301972925663
2025-12-31,2.4291446661949156,0.971891129479489,0.14178340122103691
2026-01-02,2.4581782102584837,0.9844857921803012,0.12519726946949958
2026-01-05,2.4505058622360227,0.9805936517513536,0.12161813363432884
2026-01-06,2.4127222967147826,0.9664837267264016,0.13916553512215615
2026-01-07,2.4189995670318605,0.9688070890200797,0.12382101446390152
2026-01-08,2.450576162338257,0.9810470057564773,0.13173812359571457
2026-01-09,2.395839817523956,0.9603937882366966,0.13045714020729066
2026-01-12,2.409214777946472,0.965267028229551,0.1512652665376663
2026-01-13,2.469758005142212,0.9891421460458331,0.1130796042084694
2026-01-14,2.445841221809387,0.9794370220863997,0.12984550938010217
2026-01-15,2.39485782623291,0.9578112755047115,0.14667810946702958
2026-01-16,2.4706461381912233,0.9890587275974514,0.11924480855464935
2026-01-20,2.4652387952804564,0.98714306512505,0.1273125973343849
2026-01-21,2.4703852319717408,0.9892856629365603,0.11803920015692711
2026-01-22,2.470949444770813,0.9895167617349184,0.12059965550899505
2026-01-23,2.4170091485977174,0.9683597278976781,0.13915171161293982
2026-01-26,2.467558517456055,0.9882295194842851,0.10581795558333397
2026-01-27,2.4649135303497314,0.9870955274501612,0.12588557362556457
2026-01-28,2.4466975355148315,0.9802294045825246,0.12850776806473732
2026-01-29,2.4248193860054017,0.971488103684965,0.13531594648957251
2026-01-30,2.4596289110183718,0.9848034637541447,0.12187964856624603
2026-02-02,2.4620144891738893,0.9860333153816253,0.12069259628653527
2026-02-03,2.483507671356201,0.9945368172256219,0.11242650404572486
2026-02-04,2.4718250370025636,0.9898700840358353,0.10697110429406166
2026-02-05,2.4816069984436036,0.9937832602352372,0.10809536576271057
2026-02-06,2.431599597930908,0.9735937682443303,0.1423626124858856
2026-02-09,2.4750243186950684,0.991234629481309,0.11331292554736137
2026-02-10,2.3704412388801575,0.9508560195020205,0.16180359244346618
2026-02-11,2.4879028844833373,0.9963029374976128,0.10682513654232025
2026-02-12,2.4675001096725464,0.9881916837161157,0.1312464202940464
2026-02-13,2.3909713077545165,0.9581288667066843,0.15138946563005448
2026-02-17,2.436411142349243,0.9762731756163379,0.1430139175057411
2026-02-18,2.478544111251831,0.992535954058477,0.11362625807523727
2026-02-19,2.45995144367218,0.9850496678835667,0.12611944869160652
2026-02-20,2.477374405860901,0.9921916586192924,0.1101457978785038
2026-02-23,2.4723959970474243,0.9901103566605418,0.11280692428350449
2026-02-24,2.4859348917007447,0.9955301822095511,0.10584389135241508
2026-02-25,2.4497187185287475,0.9812310191124147,0.11810217455029487
2026-02-26,2.3975300908088686,0.9616038565525469,0.1651776447892189
2026-02-27,2.37262971162796,0.9516922461400409,0.14272348552942277
2026-03-02,2.475304002761841,0.9913421568962754,0.12322189942002297
2026-03-03,2.2166007471084597,0.8889688785961367,0.23657871693372726
2026-03-04,2.4618180418014526,0.9858219064625554,0.11796918392181396
2026-03-05,2.2098648715019227,0.8877094349860998,0.23505137473344803
2026-03-06,2.4336780977249144,0.9747386810771153,0.14102981939911843
2026-03-09,2.4681640315055846,0.9884462796540842,0.12871331125497817
2026-03-10,2.347385056018829,0.9425005860121197,0.1454539667069912
2026-03-11,2.401383879184723,0.9619373507821378,0.14536555469036103
2026-03-12,2.2799369144439696,0.9159560341537143,0.1942295762896538
2026-03-13,2.2663619256019594,0.9040815952528227,0.21503363773226739
2026-03-16,2.457868390083313,0.9843703383550091,0.12953757449984551
2026-03-17,2.4341713333129884,0.9753339008146062,0.1369950644671917
2026-03-18,2.4604522466659544,0.985509398524748,0.1214862561225891
2026-03-19,2.4120058941841127,0.965973530140385,0.1450091989338398
2026-03-20,2.4731228399276732,0.9904954680355792,0.1188040754199028
2026-03-23,2.4833725833892824,0.9945780424495222,0.10701416999101639
2026-03-24,2.4902724123001097,0.997261548471187,0.10346839427947999
2026-03-25,2.476356167793274,0.9917034762844683,0.11214194864034653
2026-03-26,2.4513537788391115,0.9804232916871062,0.13957072257995606
2026-03-27,2.407934136390686,0.9646399533494445,0.14253997594118117
2026-03-30,2.4789598846435545,0.9927615881087796,0.11638324558734894
2026-03-31,2.4868244075775148,0.9958385141963682,0.10442492693662643
2026-04-01,2.48346896648407,0.9944270221724887,0.1075496256351471
2026-04-02,2.4769307661056517,0.9918484824764588,0.11542878195643425
2026-04-06,2.475422492027283,0.9913785782642677,0.10883522495627403
2026-04-07,2.464425344467163,0.9867810227627147,0.1296680249273777
2026-04-08,2.2684416246414183,0.9085846133659656,0.202273463755846
2026-04-09,2.2814205932617186,0.9143967360478374,0.18572479084134103
2026-04-10,2.4554673433303833,0.9833479855053265,0.13091112777590752
2026-04-13,2.4144278454780577,0.963266826617632,0.14967021182179452
2026-04-14,2.3638752031326296,0.9459756484441904,0.15180045142769813
2026-04-15,2.336540904045105,0.9378070610169962,0.18294607669115068
2026-04-16,2.4407999897003174,0.9774099205405895,0.12584112644195555
2026-04-17,2.470061225891113,0.9890291195670816,0.11484885975718498
2026-04-20,2.376173634529114,0.9527005086643531,0.14942487612366676
2026-04-21,2.407648525238037,0.9639477551925414,0.14132266938686372
2026-04-22,2.4439187121391295,0.9786209773041685,0.12485237151384354
2026-04-23,2.477360191345215,0.9920142906600306,0.120382139980793
2026-04-24,2.487530770301819,0.9960880140226182,0.10091737151145935
2026-04-27,2.476095824241638,0.9916815487299272,0.10780336648225784
2026-04-28,2.4814870738983155,0.9937273344552985,0.1122798465192318
2026-04-29,2.417506260871887,0.9673740064340928,0.1408045119047165
2026-04-30,2.4669806432723997,0.9876253230147383,0.11980236366391182
2026-05-01,2.4482553935050966,0.9789015304788987,0.1307439786195755
2026-05-04,2.2582803177833557,0.9056301047320559,0.20900544062256812
2026-05-05,2.3979068040847777,0.9598122696626809,0.15234421491622924
2026-05-06,2.3968375635147097,0.9592060763238399,0.16842376917600632
2026-05-07,2.359853730201721,0.9449803430295504,0.14796036154031753
2026-05-08,2.4691849756240845,0.9886784256339961,0.11086129136383534
2026-05-11,2.222313230037689,0.8916356232162156,0.22063432827591897
2026-05-12,2.4798885774612427,0.9929289406223012,0.11971443094313144
2026-05-13,2.4656277894973755,0.9871462862770933,0.11764392092823982
2026-05-14,2.346333818435669,0.939671714279889,0.17810821756720543
2026-05-15,2.3727978563308714,0.9499100024615695,0.15454935267567635
2026-05-18,2.4841632509231566,0.9947879078428085,0.10977761432528496
2026-05-19,2.4777109384536744,0.9921966825684154,0.11417010568082332
2026-05-20,2.4869993829727175,0.9959389602769033,0.10734327040612697
2026-05-21,2.3302590608596803,0.9330280697451453,0.18772182151675224
2026-05-22,2.449408674240112,0.9810892627696617,0.13327540218830108
2026-05-26,2.2390361189842225,0.8974908551042757,0.19314343780279158
2026-05-27,2.4346583437919618,0.9748347678305355,0.13104405134916305
2026-05-28,2.4847004413604736,0.9949395238273566,0.10941052868962288
2026-05-29,2.285713994503021,0.9159238461311758,0.1639307226240635
2026-06-01,2.3826404190063477,0.9553830233294582,0.15973886102437973
2026-06-02,2.3991040802001953,0.9595648529719388,0.14914298936724663
2026-06-03,2.2424385738372803,0.8993233455211738,0.18728157728910447
2026-06-04,2.322602416276932,0.9283912870657391,0.18181169718503953
2026-06-05,2.3435334014892577,0.9386438530972739,0.1703332979977131
2026-06-08,2.43169109582901,0.9728655353299931,0.13566315576434135
2026-06-09,2.4476192021369934,0.9796167899905309,0.13001271836459638
