date,weighted_same_sector,structural_same_sector,lift
2021-01-04,0.3273246403580867,0.3108974358974359,0.016427204460650824
2021-01-05,0.3291965256644392,0.3108974358974359,0.018299089767003285
2021-01-06,0.3264671569626704,0.3108974358974359,0.01556972106523452
2021-01-07,0.3277276337473832,0.3108974358974359,0.01683019784994727
2021-01-08,0.3272285616648556,0.3108974358974359,0.016331125767419685
2021-01-11,0.33073239054075876,0.3108974358974359,0.019834954643322855
2021-01-12,0.32793760334505007,0.3108974358974359,0.017040167447614163
2021-01-13,0.32719505660678094,0.3108974358974359,0.01629762070934504
2021-01-14,0.32916918379427446,0.3108974358974359,0.018271747896838553
2021-01-15,0.32841416259563694,0.3108974358974359,0.017516726698201035
2021-01-19,0.3310822081181243,0.3108974358974359,0.020184772220688374
2021-01-20,0.32943175321377105,0.3108974358974359,0.018534317316335147
2021-01-21,0.33046633036066764,0.3108974358974359,0.019568894463231734
2021-01-22,0.33215285376778725,0.3108974358974359,0.021255417870351345
2021-01-25,0.3275664307876105,0.3108974358974359,0.016668994890174593
2021-01-26,0.32714290150596814,0.3108974358974359,0.01624546560853224
2021-01-27,0.32486551082417375,0.3108974358974359,0.01396807492673785
2021-01-28,0.32649486177477616,0.3108974358974359,0.015597425877340254
2021-01-29,0.3228393884948203,0.3108974358974359,0.011941952597384398
2021-02-01,0.3185865327857282,0.3108974358974359,0.0076890968882922794
2021-02-02,0.3271165949439666,0.3108974358974359,0.016219159046530707
2021-02-03,0.32751297168306365,0.3108974358974359,0.016615535785627744
2021-02-04,0.3283255288475081,0.3108974358974359,0.017428092950072194
2021-02-05,0.3228136857979775,0.3108974358974359,0.011916249900541576
2021-02-08,0.32524405846743976,0.3108974358974359,0.014346622570003853
2021-02-09,0.3276953576114445,0.3108974358974359,0.016797921714008623
2021-02-10,0.3443604470909184,0.3108974358974359,0.033463011193482495
2021-02-11,0.33014124308282966,0.3108974358974359,0.019243807185393758
2021-02-12,0.34695783448978756,0.3108974358974359,0.03606039859235166
2021-02-16,0.3298646434049764,0.3108974358974359,0.018967207507540496
2021-02-17,0.3357387512651977,0.3108974358974359,0.024841315367761796
2021-02-18,0.32850632551187403,0.3108974358974359,0.017608889614438128
2021-02-19,0.33520415102823403,0.3108974358974359,0.02430671513079813
2021-02-22,0.3354697425542739,0.3108974358974359,0.024572306656838017
2021-02-23,0.32607357849555074,0.3108974358974359,0.015176142598114839
2021-02-24,0.34063528308416696,0.3108974358974359,0.02973784718673106
2021-02-25,0.3246619434693015,0.3108974358974359,0.013764507571865592
2021-02-26,0.33208093874382594,0.3108974358974359,0.021183502846390034
2021-03-01,0.33331778270890433,0.3108974358974359,0.022420346811468428
2021-03-02,0.3337893067240744,0.3108974358974359,0.022891870826638516
2021-03-03,0.33157320013305824,0.3108974358974359,0.02067576423562234
2021-03-04,0.32731112014625346,0.3108974358974359,0.01641368424881756
2021-03-05,0.33152673660043946,0.3108974358974359,0.02062930070300356
2021-03-08,0.3367418944638202,0.3108974358974359,0.025844458566384287
2021-03-09,0.33002983196663144,0.3108974358974359,0.019132396069195534
2021-03-10,0.3282007424269471,0.3108974358974359,0.017303306529511175
2021-03-11,0.32593019563860764,0.3108974358974359,0.015032759741171742
2021-03-12,0.31933407573014905,0.3108974358974359,0.008436639832713144
2021-03-15,0.32406621742898156,0.3108974358974359,0.013168781531545659
2021-03-16,0.3205403372891715,0.3108974358974359,0.00964290139173557
2021-03-17,0.32054315269340394,0.3108974358974359,0.00964571679596804
2021-03-18,0.3097899338305606,0.3108974358974359,-0.001107502066875321
2021-03-19,0.32216034302413066,0.3108974358974359,0.011262907126694754
2021-03-22,0.32447026875409657,0.3108974358974359,0.013572832856660666
2021-03-23,0.3269307706354438,0.3108974358974359,0.016033334738007887
2021-03-24,0.32577393868252413,0.3108974358974359,0.01487650278508823
2021-03-25,0.3275927861396012,0.3108974358974359,0.016695350242165286
2021-03-26,0.3276671272230746,0.3108974358974359,0.016769691325638714
2021-03-29,0.3238206843878009,0.3108974358974359,0.01292324849036497
2021-03-30,0.34055369186431367,0.3108974358974359,0.029656255966877765
2021-03-31,0.32596497726125495,0.3108974358974359,0.015067541363819048
2021-04-01,0.32515028283524844,0.3108974358974359,0.014252846937812536
2021-04-05,0.335376318801959,0.3108974358974359,0.024478882904523103
2021-04-06,0.34568083129180915,0.3108974358974359,0.03478339539437325
2021-04-07,0.3231090509832807,0.3108974358974359,0.012211615085844785
2021-04-08,0.34457770260548687,0.3108974358974359,0.033680266708050965
2021-04-09,0.33016239257006313,0.3108974358974359,0.01926495667262723
2021-04-12,0.3299876899716546,0.3108974358974359,0.019090254074218715
2021-04-13,0.32900945548994043,0.3108974358974359,0.018112019592504525
2021-04-14,0.35097724947593073,0.3108974358974359,0.04007981357849483
2021-04-15,0.3282738945624484,0.3108974358974359,0.017376458665012473
2021-04-16,0.33645368199005216,0.3108974358974359,0.025556246092616253
2021-04-19,0.33985327346703664,0.3108974358974359,0.02895583756960074
2021-04-20,0.3380670571190331,0.3108974358974359,0.027169621221597218
2021-04-21,0.32722437753260464,0.3108974358974359,0.016326941635168735
2021-04-22,0.326314075374031,0.3108974358974359,0.015416639476595106
2021-04-23,0.3389205989219651,0.3108974358974359,0.028023163024529174
2021-04-26,0.3574096236383897,0.3108974358974359,0.04651218774095378
2021-04-27,0.35508950459973415,0.3108974358974359,0.04419206870229825
2021-04-28,0.3375063536435551,0.3108974358974359,0.026608917746119176
2021-04-29,0.33607667083060255,0.3108974358974359,0.02517923493316665
2021-04-30,0.3409564830934666,0.3108974358974359,0.030059047196030697
2021-05-03,0.3391252858164207,0.3108974358974359,0.028227849918984804
2021-05-04,0.3496667272847719,0.3108974358974359,0.03876929138733598
2021-05-05,0.33518317634067285,0.3108974358974359,0.024285740443236947
2021-05-06,0.3294243717960926,0.3108974358974359,0.01852693589865667
2021-05-07,0.3500041988108869,0.3108974358974359,0.039106762913451
2021-05-10,0.351450854521884,0.3108974358974359,0.04055341862444811
2021-05-11,0.3436411981651777,0.3108974358974359,0.03274376226774178
2021-05-12,0.32456020190126517,0.3108974358974359,0.013662766003829263
2021-05-13,0.33315476189237886,0.3108974358974359,0.022257325994942956
2021-05-14,0.3307889295664776,0.3108974358974359,0.019891493669041693
2021-05-17,0.3250340927795724,0.3108974358974359,0.0141366568821365
2021-05-18,0.3287501153073644,0.3108974358974359,0.017852679409928518
2021-05-19,0.31935544744925254,0.3108974358974359,0.008458011551816635
2021-05-20,0.32449797152702425,0.3108974358974359,0.01360053562958835
2021-05-21,0.32295726457763085,0.3108974358974359,0.01205982868019495
2021-05-24,0.3239517192665525,0.3108974358974359,0.01305428336911657
2021-05-25,0.31417590970689036,0.3108974358974359,0.003278473809454452
2021-05-26,0.34425956508873656,0.3108974358974359,0.03336212919130066
2021-05-27,0.3359941918526912,0.3108974358974359,0.02509675595525529
2021-05-28,0.3301900499808223,0.3108974358974359,0.019292614083386395
2021-06-01,0.34460132871933563,0.3108974358974359,0.03370389282189973
2021-06-02,0.3573311504659548,0.3108974358974359,0.04643371456851891
2021-06-03,0.32319830739977745,0.3108974358974359,0.012300871502341548
2021-06-04,0.3355839544143886,0.3108974358974359,0.024686518516952694
2021-06-07,0.3416103505005713,0.3108974358974359,0.03071291460313541
2021-06-08,0.3473397846990278,0.3108974358974359,0.03644234880159192
2021-06-09,0.3301587042970513,0.3108974358974359,0.019261268399615394
2021-06-10,0.33203422766868806,0.3108974358974359,0.02113679177125216
2021-06-11,0.3321980908860749,0.3108974358974359,0.02130065498863898
2021-06-14,0.3347544421162319,0.3108974358974359,0.023857006218795995
2021-06-15,0.34263454599321497,0.3108974358974359,0.031737110095779064
2021-06-16,0.33664881715005956,0.3108974358974359,0.025751381252623662
2021-06-17,0.34724468353460447,0.3108974358974359,0.03634724763716857
2021-06-18,0.3417866414346072,0.3108974358974359,0.030889205537171283
2021-06-21,0.33306159810029434,0.3108974358974359,0.02216416220285844
2021-06-22,0.3337418318913431,0.3108974358974359,0.022844395993907196
2021-06-23,0.33283553785277886,0.3108974358974359,0.02193810195534296
2021-06-24,0.3313807063353067,0.3108974358974359,0.020483270437870793
2021-06-25,0.35112199382010817,0.3108974358974359,0.040224557922672266
2021-06-28,0.32534988729625836,0.3108974358974359,0.014452451398822452
2021-06-29,0.3437848925382008,0.3108974358974359,0.03288745664076492
2021-06-30,0.33514908535864185,0.3108974358974359,0.02425164946120595
2021-07-01,0.32467688474251793,0.3108974358974359,0.013779448845082032
2021-07-02,0.33990666720593954,0.3108974358974359,0.029009231308503636
2021-07-06,0.3304642999942743,0.3108974358974359,0.019566864096838388
2021-07-07,0.33271873405472935,0.3108974358974359,0.021821298157293445
2021-07-08,0.32569833511218255,0.3108974358974359,0.014800899214746643
2021-07-09,0.3239159182296163,0.3108974358974359,0.013018482332180392
2021-07-12,0.3265883966104959,0.3108974358974359,0.015690960713059976
2021-07-13,0.334724367277007,0.3108974358974359,0.023826931379571092
2021-07-14,0.32416517241587456,0.3108974358974359,0.013267736518438655
2021-07-15,0.3243162007500214,0.3108974358974359,0.013418764852585474
2021-07-16,0.3185638063081925,0.3108974358974359,0.007666370410756573
2021-07-19,0.31849283556222396,0.3108974358974359,0.007595399664788061
2021-07-20,0.3320130816065518,0.3108974358974359,0.021115645709115893
2021-07-21,0.3360292353705283,0.3108974358974359,0.02513179947309241
2021-07-22,0.31289237301727973,0.3108974358974359,0.0019949371198438315
2021-07-23,0.30691978308198536,0.3108974358974359,-0.003977652815450539
2021-07-26,0.33123126045279605,0.3108974358974359,0.020333824555360147
2021-07-27,0.3248150999077664,0.3108974358974359,0.01391766401033051
2021-07-28,0.32502541341876845,0.3108974358974359,0.014127977521332546
2021-07-29,0.3355720326008196,0.3108974358974359,0.024674596703383678
2021-07-30,0.3178295516098599,0.3108974358974359,0.00693211571242397
2021-08-02,0.34625668278715716,0.3108974358974359,0.03535924688972125
2021-08-03,0.35464972944752193,0.3108974358974359,0.04375229355008603
2021-08-04,0.33907243741333953,0.3108974358974359,0.02817500151590363
2021-08-05,0.3303656317677289,0.3108974358974359,0.01946819587029297
2021-08-06,0.32251538837816685,0.3108974358974359,0.011617952480730942
2021-08-09,0.30700900975645273,0.3108974358974359,-0.00388842614098317
2021-08-10,0.3295450468343098,0.3108974358974359,0.018647610936873893
2021-08-11,0.3387331440192407,0.3108974358974359,0.027835708121804803
2021-08-12,0.33266459750381144,0.3108974358974359,0.02176716160637554
2021-08-13,0.33067414586814686,0.3108974358974359,0.01977670997071096
2021-08-16,0.3397385543292914,0.3108974358974359,0.028841118431855495
2021-08-17,0.33047691839620136,0.3108974358974359,0.019579482498765455
2021-08-18,0.3242941120558617,0.3108974358974359,0.013396676158425824
2021-08-19,0.34338884189492835,0.3108974358974359,0.03249140599749245
2021-08-20,0.33108149031891076,0.3108974358974359,0.020184054421474862
2021-08-23,0.3251739317022223,0.3108974358974359,0.014276495804786404
2021-08-24,0.3394143286733983,0.3108974358974359,0.02851689277596242
2021-08-25,0.3345152490296497,0.3108974358974359,0.023617813132213783
2021-08-26,0.3349780039764672,0.3108974358974359,0.024080568079031306
2021-08-27,0.3294053810111983,0.3108974358974359,0.018507945113762414
2021-08-30,0.34333812004698233,0.3108974358974359,0.03244068414954643
2021-08-31,0.32450449502941864,0.3108974358974359,0.013607059131982735
2021-09-01,0.3288169536096689,0.3108974358974359,0.01791951771223299
2021-09-02,0.33970797498060434,0.3108974358974359,0.02881053908316844
2021-09-03,0.33335195675975954,0.3108974358974359,0.022454520862323635
2021-09-07,0.3303369106962874,0.3108974358974359,0.019439474798851497
2021-09-08,0.3209711168006522,0.3108974358974359,0.010073680903216309
2021-09-09,0.3246391281912694,0.3108974358974359,0.013741692293833485
2021-09-10,0.3271890363238769,0.3108974358974359,0.01629160042644101
2021-09-13,0.32646224983230954,0.3108974358974359,0.015564813934873634
2021-09-14,0.3506041327692271,0.3108974358974359,0.03970669687179118
2021-09-15,0.33412346243126223,0.3108974358974359,0.023226026533826327
2021-09-16,0.3111306145098013,0.3108974358974359,0.00023317861236538118
2021-09-17,0.3315735813257476,0.3108974358974359,0.0206761454283117
2021-09-20,0.3246638900714731,0.3108974358974359,0.013766454174037213
2021-09-21,0.3283537964497938,0.3108974358974359,0.017456360552357886
2021-09-22,0.31674139117349004,0.3108974358974359,0.005843955276054136
2021-09-23,0.32482270147569475,0.3108974358974359,0.01392526557825885
2021-09-24,0.31476263802787735,0.3108974358974359,0.0038652021304414474
2021-09-27,0.32622963696422297,0.3108974358974359,0.015332201066787066
2021-09-28,0.3215330670048732,0.3108974358974359,0.010635631107437316
2021-09-29,0.3359798730606772,0.3108974358974359,0.025082437163241322
2021-09-30,0.3302587038595811,0.3108974358974359,0.019361267962145212
2021-10-01,0.322673689293907,0.3108974358974359,0.011776253396471092
2021-10-04,0.3500892076400337,0.3108974358974359,0.0391917717425978
2021-10-05,0.35853405282946077,0.3108974358974359,0.04763661693202487
2021-10-06,0.3484058768002846,0.3108974358974359,0.037508440902848716
2021-10-07,0.34472221301696065,0.3108974358974359,0.03382477711952475
2021-10-08,0.3427428826465591,0.3108974358974359,0.03184544674912321
2021-10-11,0.3436237200090742,0.3108974358974359,0.032726284111638304
2021-10-12,0.35237616966665564,0.3108974358974359,0.04147873376921973
2021-10-13,0.3418597475555861,0.3108974358974359,0.03096231165815022
2021-10-14,0.33385246400571456,0.3108974358974359,0.022955028108278652
2021-10-15,0.3300844314093655,0.3108974358974359,0.019186995511929594
2021-10-18,0.33187218047755046,0.3108974358974359,0.020974744580114557
2021-10-19,0.33847708174605357,0.3108974358974359,0.027579645848617662
2021-10-20,0.34642725606454516,0.3108974358974359,0.03552982016710926
2021-10-21,0.32907984922755035,0.3108974358974359,0.018182413330114444
2021-10-22,0.33553314809467394,0.3108974358974359,0.024635712197238036
2021-10-25,0.3199155904018832,0.3108974358974359,0.009018154504447318
2021-10-26,0.32328302084252736,0.3108974358974359,0.012385584945091455
2021-10-27,0.3409560821120387,0.3108974358974359,0.030058646214602802
2021-10-28,0.33053945845140736,0.3108974358974359,0.01964202255397146
2021-10-29,0.33913707726729897,0.3108974358974359,0.028239641369863067
2021-11-01,0.3330141201055472,0.3108974358974359,0.022116684208111304
2021-11-02,0.3305146806076179,0.3108974358974359,0.019617244710182002
2021-11-03,0.34304989483454484,0.3108974358974359,0.03215245893710894
2021-11-04,0.3358939397753282,0.3108974358974359,0.024996503877892318
2021-11-05,0.33720935414509984,0.3108974358974359,0.026311918247663935
2021-11-08,0.31957779840685124,0.3108974358974359,0.00868036250941534
2021-11-09,0.3222135403236466,0.3108974358974359,0.011316104426210671
2021-11-10,0.32387746985520666,0.3108974358974359,0.012980033957770754
2021-11-11,0.3365536139641027,0.3108974358974359,0.025656178066666813
2021-11-12,0.3337249011678877,0.3108974358974359,0.02282746527045182
2021-11-15,0.34096549239755813,0.3108974358974359,0.03006805650012223
2021-11-16,0.340877395880735,0.3108974358974359,0.02997995998329911
2021-11-17,0.34427287027915165,0.3108974358974359,0.03337543438171575
2021-11-18,0.3296143889129381,0.3108974358974359,0.01871695301550219
2021-11-19,0.3244573109552678,0.3108974358974359,0.013559875057831905
2021-11-22,0.32603776943930257,0.3108974358974359,0.015140333541866668
2021-11-23,0.33634729922761986,0.3108974358974359,0.025449863330183953
2021-11-24,0.32243905334972617,0.3108974358974359,0.011541617452290265
2021-11-26,0.330215493884118,0.3108974358974359,0.019318057986682124
2021-11-29,0.32641951016662374,0.3108974358974359,0.015522074269187836
2021-11-30,0.32740573153712366,0.3108974358974359,0.016508295639687753
2021-12-01,0.3261164947236128,0.3108974358974359,0.015219058826176912
2021-12-02,0.32481935203142287,0.3108974358974359,0.013921916133986967
2021-12-03,0.32618665344599324,0.3108974358974359,0.015289217548557332
2021-12-06,0.32626220275018175,0.3108974358974359,0.015364766852745848
2021-12-07,0.3318144494015303,0.3108974358974359,0.020917013504094417
2021-12-08,0.32515378061635075,0.3108974358974359,0.014256344718914848
2021-12-09,0.3270177660927429,0.3108974358974359,0.01612033019530701
2021-12-10,0.31859034614985193,0.3108974358974359,0.00769291025241603
2021-12-13,0.32124522171283926,0.3108974358974359,0.010347785815403354
2021-12-14,0.3185530491655861,0.3108974358974359,0.007655613268150174
2021-12-15,0.3216710489783809,0.3108974358974359,0.010773613080944988
2021-12-16,0.3232038069250252,0.3108974358974359,0.012306371027589302
2021-12-17,0.32862427793177185,0.3108974358974359,0.017726842034335943
2021-12-20,0.33216884542314135,0.3108974358974359,0.021271409525705443
2021-12-21,0.33658793806971166,0.3108974358974359,0.025690502172275753
2021-12-22,0.332137354609111,0.3108974358974359,0.021239918711675077
2021-12-23,0.32534617402648175,0.3108974358974359,0.014448738129045846
2021-12-27,0.33168773851511457,0.3108974358974359,0.02079030261767867
2021-12-28,0.3182968542911284,0.3108974358974359,0.007399418393692514
2021-12-29,0.3164019258859382,0.3108974358974359,0.005504489988502281
2021-12-30,0.3223994403428781,0.3108974358974359,0.011502004445442193
2021-12-31,0.3224402751313175,0.3108974358974359,0.011542839233881608
2022-01-03,0.3268913197132557,0.3108974358974359,0.015993883815819787
2022-01-04,0.3348314834197946,0.3108974358974359,0.02393404752235867
2022-01-05,0.34025677987228253,0.3108974358974359,0.02935934397484663
2022-01-06,0.32295516578720196,0.3108974358974359,0.012057729889766056
2022-01-07,0.32991247579623323,0.3108974358974359,0.019015039898797326
2022-01-10,0.33512495571599554,0.3108974358974359,0.02422751981855964
2022-01-11,0.33558951690014016,0.3108974358974359,0.024692081002704258
2022-01-12,0.33155125917843736,0.3108974358974359,0.02065382328100146
2022-01-13,0.332014292557904,0.3108974358974359,0.021116856660468086
2022-01-14,0.34038442051527507,0.3108974358974359,0.029486984617839163
2022-01-18,0.3134992315094619,0.3108974358974359,0.0026017956120260033
2022-01-19,0.33351324245954456,0.3108974358974359,0.022615806562108653
2022-01-20,0.3271171905368158,0.3108974358974359,0.016219754639379913
2022-01-21,0.32743004716741275,0.3108974358974359,0.01653261126997685
2022-01-24,0.32764895968703317,0.3108974358974359,0.016751523789597267
2022-01-25,0.3268362999167162,0.3108974358974359,0.015938864019280297
2022-01-26,0.3415322513817043,0.3108974358974359,0.030634815484268385
2022-01-27,0.34104166643848893,0.3108974358974359,0.03014423054105303
2022-01-28,0.3332187694866074,0.3108974358974359,0.022321333589171488
2022-01-31,0.3328774643892098,0.3108974358974359,0.021980028491773884
2022-02-01,0.3390689159296674,0.3108974358974359,0.028171480032231522
2022-02-02,0.32690558928665525,0.3108974358974359,0.01600815338921935
2022-02-03,0.3210480305162472,0.3108974358974359,0.010150594618811293
2022-02-04,0.3274809868396936,0.3108974358974359,0.01658355094225772
2022-02-07,0.3258170214637172,0.3108974358974359,0.014919585566281313
2022-02-08,0.346785616181324,0.3108974358974359,0.03588818028388807
2022-02-09,0.32141127883584714,0.3108974358974359,0.010513842938411233
2022-02-10,0.339635092283411,0.3108974358974359,0.028737656385975086
2022-02-11,0.3074495487550464,0.3108974358974359,-0.0034478871423895274
2022-02-14,0.3289344335136906,0.3108974358974359,0.018036997616254713
2022-02-15,0.338775943963629,0.3108974358974359,0.027878508066193075
2022-02-16,0.329839781739302,0.3108974358974359,0.018942345841866104
2022-02-17,0.31951443653773853,0.3108974358974359,0.00861700064030263
2022-02-18,0.3188108889788284,0.3108974358974359,0.007913453081392519
2022-02-22,0.3143582560438877,0.3108974358974359,0.0034608201464517707
2022-02-23,0.32648196807540514,0.3108974358974359,0.015584532177969235
2022-02-24,0.3175394294614474,0.3108974358974359,0.006641993564011517
2022-02-25,0.32594908843034276,0.3108974358974359,0.015051652532906856
2022-02-28,0.33566179692046894,0.3108974358974359,0.024764361023033032
2022-03-01,0.33241517853888214,0.3108974358974359,0.021517742641446236
2022-03-02,0.3198425526451946,0.3108974358974359,0.008945116747758719
2022-03-03,0.32871274521944294,0.3108974358974359,0.017815309322007034
2022-03-04,0.3281127159152229,0.3108974358974359,0.017215280017786994
2022-03-07,0.3250449218568222,0.3108974358974359,0.014147485959386308
2022-03-08,0.3347383766398293,0.3108974358974359,0.0238409407423934
2022-03-09,0.34745454460591,0.3108974358974359,0.03655710870847412
2022-03-10,0.33047492885245566,0.3108974358974359,0.01957749295501976
2022-03-11,0.3347513478701774,0.3108974358974359,0.023853911972741504
2022-03-14,0.33440659843547865,0.3108974358974359,0.02350916253804275
2022-03-15,0.3304875711850912,0.3108974358974359,0.019590135287655297
2022-03-16,0.3353200106323022,0.3108974358974359,0.02442257473486631
2022-03-17,0.33908333233991717,0.3108974358974359,0.028185896442481262
2022-03-18,0.3265830897973199,0.3108974358974359,0.015685653899884022
2022-03-21,0.3270013265270293,0.3108974358974359,0.016103890629593387
2022-03-22,0.33284037449296544,0.3108974358974359,0.021942938595529538
2022-03-23,0.3280625010244211,0.3108974358974359,0.01716506512698518
2022-03-24,0.3309756253054363,0.3108974358974359,0.02007818940800038
2022-03-25,0.3276302197197084,0.3108974358974359,0.0167327838222725
2022-03-28,0.3295606309203326,0.3108974358974359,0.018663195022896706
2022-03-29,0.3369377922552541,0.3108974358974359,0.026040356357818206
2022-03-30,0.3205569216554637,0.3108974358974359,0.009659485758027775
2022-03-31,0.3221128304018429,0.3108974358974359,0.011215394504407006
2022-04-01,0.32704112103710076,0.3108974358974359,0.016143685139664854
2022-04-04,0.3233274187734284,0.3108974358974359,0.012429982875992507
2022-04-05,0.31650679102708285,0.3108974358974359,0.005609355129646942
2022-04-06,0.3279765345285176,0.3108974358974359,0.0170790986310817
2022-04-07,0.32759524557832165,0.3108974358974359,0.016697809680885745
2022-04-08,0.34165376353849936,0.3108974358974359,0.030756327641063452
2022-04-11,0.3332885019729279,0.3108974358974359,0.022391066075492017
2022-04-12,0.33118751034296506,0.3108974358974359,0.02029007444552916
2022-04-13,0.32751409689529626,0.3108974358974359,0.016616660997860355
2022-04-14,0.3352943560643124,0.3108974358974359,0.0243969201668765
2022-04-18,0.32930197280958035,0.3108974358974359,0.018404536912144442
2022-04-19,0.3427061293638584,0.3108974358974359,0.03180869346642251
2022-04-20,0.3297234695718329,0.3108974358974359,0.018826033674397002
2022-04-21,0.3174495820894534,0.3108974358974359,0.006552146192017494
2022-04-22,0.32379975754822615,0.3108974358974359,0.01290232165079025
2022-04-25,0.3246637789243621,0.3108974358974359,0.013766343026926198
2022-04-26,0.32450712546947824,0.3108974358974359,0.013609689572042338
2022-04-27,0.32409430325986033,0.3108974358974359,0.013196867362424425
2022-04-28,0.32950852758265414,0.3108974358974359,0.01861109168521824
2022-04-29,0.3279341078921011,0.3108974358974359,0.017036671994665187
2022-05-02,0.32543926374373994,0.3108974358974359,0.014541827846304034
2022-05-03,0.3294952441760211,0.3108974358974359,0.018597808278585204
2022-05-04,0.3289167168352431,0.3108974358974359,0.01801928093780719
2022-05-05,0.3221850533213714,0.3108974358974359,0.01128761742393547
2022-05-06,0.3286740831430909,0.3108974358974359,0.017776647245654975
2022-05-09,0.32812585526225985,0.3108974358974359,0.017228419364823944
2022-05-10,0.32652286854426943,0.3108974358974359,0.015625432646833526
2022-05-11,0.3243937129772917,0.3108974358974359,0.01349627707985579
2022-05-12,0.3357777507284866,0.3108974358974359,0.024880314831050687
2022-05-13,0.3411380602620598,0.3108974358974359,0.03024062436462388
2022-05-16,0.3288164156642768,0.3108974358974359,0.01791897976684087
2022-05-17,0.3316479667930616,0.3108974358974359,0.020750530895625674
2022-05-18,0.33391776103927073,0.3108974358974359,0.02302032514183483
2022-05-19,0.328046997638186,0.3108974358974359,0.017149561740750108
2022-05-20,0.32503373119449647,0.3108974358974359,0.014136295297060564
2022-05-23,0.33045548210058445,0.3108974358974359,0.01955804620314855
2022-05-24,0.33211700229426305,0.3108974358974359,0.02121956639682715
2022-05-25,0.3461634086089899,0.3108974358974359,0.03526597271155402
2022-05-26,0.35044046711447235,0.3108974358974359,0.03954303121703645
2022-05-27,0.3352106263069464,0.3108974358974359,0.02431319040951052
2022-05-31,0.3367262441900002,0.3108974358974359,0.025828808292564287
2022-06-01,0.33252399821562706,0.3108974358974359,0.021626562318191156
2022-06-02,0.31702394980141424,0.3108974358974359,0.006126513903978337
2022-06-03,0.3367072766163189,0.3108974358974359,0.02580984071888298
2022-06-06,0.32650562670820515,0.3108974358974359,0.015608190810769251
2022-06-07,0.3306954431261896,0.3108974358974359,0.01979800722875369
2022-06-08,0.33381369746210393,0.3108974358974359,0.022916261564668028
2022-06-09,0.341326356706349,0.3108974358974359,0.030428920808913074
2022-06-10,0.33491650944816476,0.3108974358974359,0.024019073550728853
2022-06-13,0.32800959441367766,0.3108974358974359,0.01711215851624176
2022-06-14,0.328312156259646,0.3108974358974359,0.01741472036221009
2022-06-15,0.3404199210830412,0.3108974358974359,0.029522485185605296
2022-06-16,0.32382016471660924,0.3108974358974359,0.012922728819173335
2022-06-17,0.32150131635064805,0.3108974358974359,0.010603880453212144
2022-06-21,0.32110723525884166,0.3108974358974359,0.010209799361405758
2022-06-22,0.3239302182450845,0.3108974358974359,0.013032782347648597
2022-06-23,0.32694071455371765,0.3108974358974359,0.016043278656281745
2022-06-24,0.32429540125360257,0.3108974358974359,0.013397965356166663
2022-06-27,0.3342172137934065,0.3108974358974359,0.023319777895970617
2022-06-28,0.3350489300470188,0.3108974358974359,0.024151494149582897
2022-06-29,0.3445887505682179,0.3108974358974359,0.03369131467078201
2022-06-30,0.3392265651792542,0.3108974358974359,0.0283291292818183
2022-07-01,0.3318757468583854,0.3108974358974359,0.020978310960949487
2022-07-05,0.32781095489757206,0.3108974358974359,0.016913519000136157
2022-07-06,0.3300632538158865,0.3108974358974359,0.019165817918450623
2022-07-07,0.3334329792557892,0.3108974358974359,0.022535543358353283
2022-07-08,0.3394043346331858,0.3108974358974359,0.028506898735749908
2022-07-11,0.3295645202355795,0.3108974358974359,0.01866708433814357
2022-07-12,0.33586534839055615,0.3108974358974359,0.024967912493120248
2022-07-13,0.33052163990747824,0.3108974358974359,0.019624204010042334
2022-07-14,0.33669332345195746,0.3108974358974359,0.025795887554521557
2022-07-15,0.32791686919216445,0.3108974358974359,0.017019433294728548
2022-07-18,0.34580903951620695,0.3108974358974359,0.03491160361877105
2022-07-19,0.33888147233448085,0.3108974358974359,0.027984036437044946
2022-07-20,0.35226280635703805,0.3108974358974359,0.04136537045960215
2022-07-21,0.3535236801263342,0.3108974358974359,0.042626244228898325
2022-07-22,0.34833594219035796,0.3108974358974359,0.03743850629292206
2022-07-25,0.3472835203738475,0.3108974358974359,0.03638608447641162
2022-07-26,0.33888490001411015,0.3108974358974359,0.027987464116674243
2022-07-27,0.3285998845951801,0.3108974358974359,0.017702448697744178
2022-07-28,0.33333453732226975,0.3108974358974359,0.02243710142483385
2022-07-29,0.331638375737942,0.3108974358974359,0.020740939840506123
2022-08-01,0.3330207374899828,0.3108974358974359,0.022123301592546885
2022-08-02,0.33033796197010107,0.3108974358974359,0.019440526072665165
2022-08-03,0.32462517262501794,0.3108974358974359,0.01372773672758204
2022-08-04,0.3313390903074518,0.3108974358974359,0.020441654410015886
2022-08-05,0.33043855743037454,0.3108974358974359,0.019541121532938632
2022-08-08,0.3257266401251737,0.3108974358974359,0.014829204227737813
2022-08-09,0.3261885500642062,0.3108974358974359,0.015291114166770314
2022-08-10,0.3302773020429139,0.3108974358974359,0.019379866145477986
2022-08-11,0.3307962933559268,0.3108974358974359,0.019898857458490904
2022-08-12,0.3245900234754852,0.3108974358974359,0.013692587578049309
2022-08-15,0.32395257479344886,0.3108974358974359,0.013055138896012952
2022-08-16,0.33117527343010306,0.3108974358974359,0.020277837532667153
2022-08-17,0.3285977860379134,0.3108974358974359,0.017700350140477494
2022-08-18,0.3288326127595531,0.3108974358974359,0.017935176862117208
2022-08-19,0.37265012082662347,0.3108974358974359,0.06175268492918756
2022-08-22,0.3276713331717279,0.3108974358974359,0.016773897274292016
2022-08-23,0.33395983395347567,0.3108974358974359,0.023062398056039768
2022-08-24,0.3510842372156071,0.3108974358974359,0.040186801318171206
2022-08-25,0.3390240565615765,0.3108974358974359,0.028126620664140622
2022-08-26,0.32703065520305225,0.3108974358974359,0.016133219305616342
2022-08-29,0.3356059589885774,0.3108974358974359,0.02470852309114152
2022-08-30,0.353009891050842,0.3108974358974359,0.042112455153406114
2022-08-31,0.34658506631445346,0.3108974358974359,0.03568763041701756
2022-09-01,0.32381612539549226,0.3108974358974359,0.012918689498056357
2022-09-02,0.3325978247737158,0.3108974358974359,0.021700388876279897
2022-09-06,0.3273141357013416,0.3108974358974359,0.0164166998039057
2022-09-07,0.32919464363588075,0.3108974358974359,0.018297207738444843
2022-09-08,0.3338558606018255,0.3108974358974359,0.02295842470438958
2022-09-09,0.33446634140518433,0.3108974358974359,0.023568905507748428
2022-09-12,0.34284355157699126,0.3108974358974359,0.031946115679555354
2022-09-13,0.32896414778475114,0.3108974358974359,0.018066711887315234
2022-09-14,0.3377814680710384,0.3108974358974359,0.026884032173602523
2022-09-15,0.3501099635411119,0.3108974358974359,0.039212527643676
2022-09-16,0.3315476862132479,0.3108974358974359,0.020650250315812024
2022-09-19,0.3275244009192546,0.3108974358974359,0.016626965021818707
2022-09-20,0.3182251015894983,0.3108974358974359,0.007327665692062391
2022-09-21,0.3375277966233697,0.3108974358974359,0.026630360725933777
2022-09-22,0.3251553970766523,0.3108974358974359,0.014257961179216405
2022-09-23,0.3259183150856419,0.3108974358974359,0.015020879188205993
2022-09-26,0.3294083166391449,0.3108974358974359,0.01851088074170898
2022-09-27,0.3407399178025407,0.3108974358974359,0.0298424819051048
2022-09-28,0.32577099130999315,0.3108974358974359,0.014873555412557249
2022-09-29,0.3261142618564084,0.3108974358974359,0.015216825958972502
2022-09-30,0.34225769721317534,0.3108974358974359,0.031360261315739435
2022-10-03,0.33245470421840756,0.3108974358974359,0.021557268320971656
2022-10-04,0.31609832658583104,0.3108974358974359,0.005200890688395132
2022-10-05,0.34158630973659515,0.3108974358974359,0.030688873839159247
2022-10-06,0.33029167809456184,0.3108974358974359,0.019394242197125933
2022-10-07,0.3424059119379279,0.3108974358974359,0.031508476040492006
2022-10-10,0.32842477419173144,0.3108974358974359,0.017527338294295536
2022-10-11,0.32613619174839437,0.3108974358974359,0.015238755850958463
2022-10-12,0.3311841987765846,0.3108974358974359,0.020286762879148712
2022-10-13,0.3277009673886476,0.3108974358974359,0.01680353149121172
2022-10-14,0.3386350010243516,0.3108974358974359,0.02773756512691572
2022-10-17,0.3258856016686859,0.3108974358974359,0.014988165771250006
2022-10-18,0.3412733609137928,0.3108974358974359,0.030375925016356886
2022-10-19,0.3339677625501703,0.3108974358974359,0.023070326652734396
2022-10-20,0.346666882283085,0.3108974358974359,0.035769446385649106
2022-10-21,0.3372815992977464,0.3108974358974359,0.026384163400310523
2022-10-24,0.3241183218682466,0.3108974358974359,0.01322088597081067
2022-10-25,0.33575901797398333,0.3108974358974359,0.024861582076547428
2022-10-26,0.3415101404490684,0.3108974358974359,0.030612704551632508
2022-10-27,0.33244873372525524,0.3108974358974359,0.021551297827819338
2022-10-28,0.3321744621547725,0.3108974358974359,0.021277026257336573
2022-10-31,0.3370680494147482,0.3108974358974359,0.026170613517312313
2022-11-01,0.3211044416974032,0.3108974358974359,0.010207005799967306
2022-11-02,0.33025989424851604,0.3108974358974359,0.019362458351080136
2022-11-03,0.3212227691415244,0.3108974358974359,0.01032533324408852
2022-11-04,0.32036640245861653,0.3108974358974359,0.009468966561180625
2022-11-07,0.32651954513256914,0.3108974358974359,0.015622109235133241
2022-11-08,0.32584408475805016,0.3108974358974359,0.014946648860614253
2022-11-09,0.3353122229741248,0.3108974358974359,0.02441478707668887
2022-11-10,0.32658549512540075,0.3108974358974359,0.015688059227964846
2022-11-11,0.32455802864006855,0.3108974358974359,0.013660592742632649
2022-11-14,0.3271516931933208,0.3108974358974359,0.016254257295884922
2022-11-15,0.32593392926730713,0.3108974358974359,0.015036493369871229
2022-11-16,0.32127200725686844,0.3108974358974359,0.010374571359432538
2022-11-17,0.32007814387736105,0.3108974358974359,0.009180707979925151
2022-11-18,0.34757986992083423,0.3108974358974359,0.036682434023398325
2022-11-21,0.3190408741914251,0.3108974358974359,0.00814343829398917
2022-11-22,0.32072599762579934,0.3108974358974359,0.009828561728363439
2022-11-23,0.311791887690325,0.3108974358974359,0.000894451792889106
2022-11-25,0.3341250295103524,0.3108974358974359,0.023227593612916486
2022-11-28,0.3175902529661016,0.3108974358974359,0.006692817068665702
2022-11-29,0.324007314650137,0.3108974358974359,0.013109878752701087
2022-11-30,0.33334964863346034,0.3108974358974359,0.022452212736024435
2022-12-01,0.31008887382099337,0.3108974358974359,-0.0008085620764425316
2022-12-02,0.31013478609409434,0.3108974358974359,-0.0007626498033415641
2022-12-05,0.32025783359303733,0.3108974358974359,0.00936039769560143
2022-12-06,0.32816953774459356,0.3108974358974359,0.01727210184715766
2022-12-07,0.32313598022679224,0.3108974358974359,0.012238544329356338
2022-12-08,0.31145499097985335,0.3108974358974359,0.0005575550824174491
2022-12-09,0.31899811354839774,0.3108974358974359,0.00810067765096184
2022-12-12,0.33061737098301025,0.3108974358974359,0.019719935085574347
2022-12-13,0.31606871025924665,0.3108974358974359,0.0051712743618107515
2022-12-14,0.3332135092121473,0.3108974358974359,0.022316073314711415
2022-12-15,0.33979637353436526,0.3108974358974359,0.028898937636929356
2022-12-16,0.3433326765621864,0.3108974358974359,0.03243524066475051
2022-12-19,0.32733767452559187,0.3108974358974359,0.016440238628155968
2022-12-20,0.3302906458635545,0.3108974358974359,0.019393209966118596
2022-12-21,0.3447771064883777,0.3108974358974359,0.033879670590941824
2022-12-22,0.3232448695695211,0.3108974358974359,0.012347433672085184
2022-12-23,0.31606271315971596,0.3108974358974359,0.005165277262280055
2022-12-27,0.33671339185800325,0.3108974358974359,0.02581595596056735
2022-12-28,0.32377052739379275,0.3108974358974359,0.012873091496356848
2022-12-29,0.32274399746288573,0.3108974358974359,0.011846561565449831
2022-12-30,0.3222478167379364,0.3108974358974359,0.011350380840500496
2023-01-03,0.32190749127957263,0.3108974358974359,0.01101005538213673
2023-01-04,0.31632300114070117,0.3108974358974359,0.005425565243265262
2023-01-05,0.32370064658875014,0.3108974358974359,0.012803210691314237
2023-01-06,0.32444857299630303,0.3108974358974359,0.013551137098867128
2023-01-09,0.32695175635380874,0.3108974358974359,0.01605432045637284
2023-01-10,0.3283628071045145,0.3108974358974359,0.017465371207078584
2023-01-11,0.34112434223048,0.3108974358974359,0.03022690633304409
2023-01-12,0.339343241809452,0.3108974358974359,0.02844580591201612
2023-01-13,0.3268663004332918,0.3108974358974359,0.015968864535855887
2023-01-17,0.3432163306466336,0.3108974358974359,0.03231889474919769
2023-01-18,0.33620952900976103,0.3108974358974359,0.02531209311232513
2023-01-19,0.3250062474499668,0.3108974358974359,0.014108811552530909
2023-01-20,0.33296681794034244,0.3108974358974359,0.022069382042906538
2023-01-23,0.3296647034483176,0.3108974358974359,0.018767267550881706
2023-01-24,0.32940305601271797,0.3108974358974359,0.018505620115282062
2023-01-25,0.3292356402929396,0.3108974358974359,0.01833820439550371
2023-01-26,0.35366546935708626,0.3108974358974359,0.042768033459650356
2023-01-27,0.3279267782089875,0.3108974358974359,0.01702934231155162
2023-01-30,0.32955880155714684,0.3108974358974359,0.018661365659710938
2023-01-31,0.33302332757872116,0.3108974358974359,0.02212589168128526
2023-02-01,0.3313615488480418,0.3108974358974359,0.020464112950605906
2023-02-02,0.32481210533580657,0.3108974358974359,0.013914669438370664
2023-02-03,0.33300775618315515,0.3108974358974359,0.022110320285719243
2023-02-06,0.3149478251914303,0.3108974358974359,0.004050389293994372
2023-02-07,0.33147006174013577,0.3108974358974359,0.020572625842699865
2023-02-08,0.31191509931622624,0.3108974358974359,0.0010176634187903377
2023-02-09,0.31590847550416756,0.3108974358974359,0.00501103960673166
2023-02-10,0.3299717965064315,0.3108974358974359,0.01907436060899559
2023-02-13,0.3342505341452179,0.3108974358974359,0.023353098247781978
2023-02-14,0.3480408776315346,0.3108974358974359,0.03714344173409867
2023-02-15,0.33358398381330956,0.3108974358974359,0.022686547915873656
2023-02-16,0.3268404864873399,0.3108974358974359,0.015943050589903973
2023-02-17,0.32301340119473376,0.3108974358974359,0.01211596529729786
2023-02-21,0.3254355013662349,0.3108974358974359,0.014538065468798989
2023-02-22,0.3276412756042259,0.3108974358974359,0.016743839706789998
2023-02-23,0.33588901889408807,0.3108974358974359,0.024991582996652162
2023-02-24,0.3328954198456017,0.3108974358974359,0.021997983948165822
2023-02-27,0.3334348607353987,0.3108974358974359,0.022537424837962783
2023-02-28,0.323874260090485,0.3108974358974359,0.012976824193049075
2023-03-01,0.3280467085530227,0.3108974358974359,0.0171492726555868
2023-03-02,0.3250573451993459,0.3108974358974359,0.014159909301910023
2023-03-03,0.3346253267644089,0.3108974358974359,0.023727890866973023
2023-03-06,0.3374797651743793,0.3108974358974359,0.026582329276943373
2023-03-07,0.34000897467611635,0.3108974358974359,0.029111538778680446
2023-03-08,0.33263802069091314,0.3108974358974359,0.021740584793477236
2023-03-09,0.3435534194502264,0.3108974358974359,0.03265598355279048
2023-03-10,0.31872420334104684,0.3108974358974359,0.007826767443610938
2023-03-13,0.3296010961440715,0.3108974358974359,0.01870366024663561
2023-03-14,0.3255388596247715,0.3108974358974359,0.014641423727335623
2023-03-15,0.3188651445884094,0.3108974358974359,0.007967708690973518
2023-03-16,0.31495322215943905,0.3108974358974359,0.004055786262003147
2023-03-17,0.3346340985630382,0.3108974358974359,0.023736662665602315
2023-03-20,0.3295052680588579,0.3108974358974359,0.018607832161421978
2023-03-21,0.32018820404293097,0.3108974358974359,0.009290768145495065
2023-03-22,0.3220866704046515,0.3108974358974359,0.011189234507215595
2023-03-23,0.3207266993004936,0.3108974358974359,0.009829263403057675
2023-03-24,0.3344680045949672,0.3108974358974359,0.023570568697531324
2023-03-27,0.32531212989788194,0.3108974358974359,0.014414694000446038
2023-03-28,0.32264828398183365,0.3108974358974359,0.011750848084397747
2023-03-29,0.3297707412696912,0.3108974358974359,0.01887330537225529
2023-03-30,0.3255506833535935,0.3108974358974359,0.014653247456157592
2023-03-31,0.32066141387094715,0.3108974358974359,0.00976397797351125
2023-04-03,0.3233276458456684,0.3108974358974359,0.012430209948232518
2023-04-04,0.3431695135954534,0.3108974358974359,0.03227207769801749
2023-04-05,0.323309623080856,0.3108974358974359,0.012412187183420076
2023-04-06,0.31867338985464266,0.3108974358974359,0.00777595395720676
2023-04-10,0.3061594897688748,0.3108974358974359,-0.004737946128561099
2023-04-11,0.32622877856515115,0.3108974358974359,0.015331342667715242
2023-04-12,0.31867202843415476,0.3108974358974359,0.007774592536718861
2023-04-13,0.3256058777034817,0.3108974358974359,0.014708441806045802
2023-04-14,0.3153761311632097,0.3108974358974359,0.004478695265773824
2023-04-17,0.3266898932709808,0.3108974358974359,0.0157924573735449
2023-04-18,0.32758917333813575,0.3108974358974359,0.01669173744069985
2023-04-19,0.3297006368808682,0.3108974358974359,0.0188032009834323
2023-04-20,0.34766096521559214,0.3108974358974359,0.03676352931815624
2023-04-21,0.3338328520155983,0.3108974358974359,0.02293541611816241
2023-04-24,0.3236065330101843,0.3108974358974359,0.012709097112748424
2023-04-25,0.3274570172466371,0.3108974358974359,0.016559581349201213
2023-04-26,0.3286686587550175,0.3108974358974359,0.017771222857581592
2023-04-27,0.3276900056027238,0.3108974358974359,0.01679256970528792
2023-04-28,0.3325053553902018,0.3108974358974359,0.021607919492765915
2023-05-01,0.3410787199417216,0.3108974358974359,0.030181284044285717
2023-05-02,0.327180445859507,0.3108974358974359,0.016283009962071104
2023-05-03,0.33998616613841887,0.3108974358974359,0.029088730240982963
2023-05-04,0.3349161325775087,0.3108974358974359,0.024018696680072782
2023-05-05,0.3269837081028807,0.3108974358974359,0.016086272205444785
2023-05-08,0.327247546363367,0.3108974358974359,0.0163501104659311
2023-05-09,0.34702901232410516,0.3108974358974359,0.036131576426669254
2023-05-10,0.3174911486921562,0.3108974358974359,0.006593712794720319
2023-05-11,0.3514122539590359,0.3108974358974359,0.04051481806160001
2023-05-12,0.3198580319950421,0.3108974358974359,0.008960596097606188
2023-05-15,0.32776481496028465,0.3108974358974359,0.016867379062848742
2023-05-16,0.3467401035192753,0.3108974358974359,0.03584266762183941
2023-05-17,0.3502686469859964,0.3108974358974359,0.03937121108856051
2023-05-18,0.3414287076258144,0.3108974358974359,0.030531271728378495
2023-05-19,0.3333406909589479,0.3108974358974359,0.022443255061512013
2023-05-22,0.338502334392997,0.3108974358974359,0.02760489849556108
2023-05-23,0.3550618149030206,0.3108974358974359,0.044164379005584675
2023-05-24,0.33185688967761867,0.3108974358974359,0.02095945378018277
2023-05-25,0.3322267239991474,0.3108974358974359,0.021329288101711474
2023-05-26,0.3384325537361432,0.3108974358974359,0.027535117838707324
2023-05-30,0.3342237381247457,0.3108974358974359,0.023326302227309803
2023-05-31,0.3391325391428034,0.3108974358974359,0.028235103245367488
2023-06-01,0.33284568812594695,0.3108974358974359,0.021948252228511045
2023-06-02,0.33113653118694686,0.3108974358974359,0.020239095289510955
2023-06-05,0.3169127391504079,0.3108974358974359,0.006015303252972004
2023-06-06,0.32540202202574814,0.3108974358974359,0.014504586128312236
2023-06-07,0.31872303407079977,0.3108974358974359,0.007825598173363868
2023-06-08,0.3279751849194762,0.3108974358974359,0.01707774902204029
2023-06-09,0.33642677621269407,0.3108974358974359,0.025529340315258164
2023-06-12,0.33542242666550504,0.3108974358974359,0.024524990768069133
2023-06-13,0.3155410138643332,0.3108974358974359,0.004643577966897294
2023-06-14,0.33906651776231617,0.3108974358974359,0.028169081864880263
2023-06-15,0.3293068889174862,0.3108974358974359,0.018409453020050315
2023-06-16,0.3332986240640435,0.3108974358974359,0.022401188166607577
2023-06-20,0.3284117180532631,0.3108974358974359,0.017514282155827177
2023-06-21,0.3376662076348942,0.3108974358974359,0.026768771737458286
2023-06-22,0.33697074942311495,0.3108974358974359,0.026073313525679043
2023-06-23,0.344732572352668,0.3108974358974359,0.03383513645523212
2023-06-26,0.32932187604191826,0.3108974358974359,0.018424440144482357
2023-06-27,0.3204388122163018,0.3108974358974359,0.009541376318865924
2023-06-28,0.3366128530748159,0.3108974358974359,0.025715417177380018
2023-06-29,0.32376399475456746,0.3108974358974359,0.01286655885713156
2023-06-30,0.3304148375027156,0.3108974358974359,0.019517401605279705
2023-07-03,0.3158078649047961,0.3108974358974359,0.0049104290073602175
2023-07-05,0.32808582404670283,0.3108974358974359,0.01718838814926693
2023-07-06,0.3162341715848499,0.3108974358974359,0.005336735687413996
2023-07-07,0.33300761496796116,0.3108974358974359,0.02211017907052526
2023-07-10,0.3393464728602186,0.3108974358974359,0.02844903696278267
2023-07-11,0.3415805959387538,0.3108974358974359,0.03068316004131788
2023-07-12,0.32748772725145053,0.3108974358974359,0.01659029135401463
2023-07-13,0.3205053933539228,0.3108974358974359,0.009607957456486904
2023-07-14,0.3294306504710446,0.3108974358974359,0.01853321457360868
2023-07-17,0.3585249622370907,0.3108974358974359,0.04762752633965478
2023-07-18,0.3474660856167225,0.3108974358974359,0.03656864971928658
2023-07-19,0.33152637134385476,0.3108974358974359,0.02062893544641886
2023-07-20,0.3340016862917048,0.3108974358974359,0.023104250394268888
2023-07-21,0.32219094342585125,0.3108974358974359,0.011293507528415347
2023-07-24,0.3262456745692069,0.3108974358974359,0.015348238671770986
2023-07-25,0.32618923967039454,0.3108974358974359,0.015291803772958634
2023-07-26,0.33392840075897096,0.3108974358974359,0.023030964861535053
2023-07-27,0.3230233650065293,0.3108974358974359,0.01212592910909338
2023-07-28,0.3389232298686162,0.3108974358974359,0.028025793971180324
2023-07-31,0.33796696396008247,0.3108974358974359,0.027069528062646564
2023-08-01,0.330896894046865,0.3108974358974359,0.019999458149429106
2023-08-02,0.3271589864193857,0.3108974358974359,0.016261550521949775
2023-08-03,0.3421371095920765,0.3108974358974359,0.03123967369464059
2023-08-04,0.3363920544369003,0.3108974358974359,0.025494618539464386
2023-08-07,0.3264071299386195,0.3108974358974359,0.015509694041183575
2023-08-08,0.3287266873908309,0.3108974358974359,0.017829251493394982
2023-08-09,0.33071853826383474,0.3108974358974359,0.019821102366398835
2023-08-10,0.3315053805231011,0.3108974358974359,0.020607944625665175
2023-08-11,0.3244631558993928,0.3108974358974359,0.013565720001956882
2023-08-14,0.3303858631774535,0.3108974358974359,0.019488427280017595
2023-08-15,0.3439356298553642,0.3108974358974359,0.033038193957928286
2023-08-16,0.34567435077966296,0.3108974358974359,0.03477691488222706
2023-08-17,0.3526483144237596,0.3108974358974359,0.0417508785263237
2023-08-18,0.32872014682675926,0.3108974358974359,0.01782271092932336
2023-08-21,0.3385129294719365,0.3108974358974359,0.027615493574500605
2023-08-22,0.34363975054802376,0.3108974358974359,0.032742314650587856
2023-08-23,0.33015729894342133,0.3108974358974359,0.019259863045985426
2023-08-24,0.3406511064116465,0.3108974358974359,0.029753670514210573
2023-08-25,0.3482115390058647,0.3108974358974359,0.03731410310842881
2023-08-28,0.33615756304918,0.3108974358974359,0.025260127151744083
2023-08-29,0.3325334818415099,0.3108974358974359,0.02163604594407398
2023-08-30,0.34824310353146737,0.3108974358974359,0.037345667634031465
2023-08-31,0.332195669196079,0.3108974358974359,0.02129823329864311
2023-09-01,0.3288535448493472,0.3108974358974359,0.017956108951911298
2023-09-05,0.3431248767635973,0.3108974358974359,0.032227440866161416
2023-09-06,0.3392639981206659,0.3108974358974359,0.028366562223229974
2023-09-07,0.3456582529882914,0.3108974358974359,0.03476081709085549
2023-09-08,0.3357410533724986,0.3108974358974359,0.024843617475062696
2023-09-11,0.3346454571125406,0.3108974358974359,0.02374802121510472
2023-09-12,0.32989463287816556,0.3108974358974359,0.018997196980729658
2023-09-13,0.3344315480681477,0.3108974358974359,0.023534112170711774
2023-09-14,0.3250811697150447,0.3108974358974359,0.01418373381760879
2023-09-15,0.3217006420992391,0.3108974358974359,0.010803206201803195
2023-09-18,0.3253471898420774,0.3108974358974359,0.014449753944641486
2023-09-19,0.3352691527589422,0.3108974358974359,0.0243717168615063
2023-09-20,0.32548660437087956,0.3108974358974359,0.014589168473443659
2023-09-21,0.32286474149608796,0.3108974358974359,0.011967305598652056
2023-09-22,0.33329590731415965,0.3108974358974359,0.022398471416723742
2023-09-25,0.32371216585372586,0.3108974358974359,0.01281472995628996
2023-09-26,0.32272296649774374,0.3108974358974359,0.011825530600307832
2023-09-27,0.3221138822264867,0.3108974358974359,0.011216446329050778
2023-09-28,0.32427063785750554,0.3108974358974359,0.013373201960069636
2023-09-29,0.3297029541435835,0.3108974358974359,0.018805518246147623
2023-10-02,0.3279195853959211,0.3108974358974359,0.017022149498485184
2023-10-03,0.3227128329148942,0.3108974358974359,0.011815397017458318
2023-10-04,0.3209419778814309,0.3108974358974359,0.010044541983995015
2023-10-05,0.32365784174348233,0.3108974358974359,0.01276040584604643
2023-10-06,0.3244061163400045,0.3108974358974359,0.013508680442568588
2023-10-09,0.31644214470699794,0.3108974358974359,0.005544708809562038
2023-10-10,0.3190161038609218,0.3108974358974359,0.00811866796348587
2023-10-11,0.30959705412320443,0.3108974358974359,-0.0013003817742314738
2023-10-12,0.3210474384514894,0.3108974358974359,0.010150002554053517
2023-10-13,0.32926746868812995,0.3108974358974359,0.018370032790694046
2023-10-16,0.32006588409584524,0.3108974358974359,0.00916844819840934
2023-10-17,0.32179716947749215,0.3108974358974359,0.010899733580056248
2023-10-18,0.3267265006473069,0.3108974358974359,0.015829064749871002
2023-10-19,0.3322804455204827,0.3108974358974359,0.02138300962304679
2023-10-20,0.31703622532629394,0.3108974358974359,0.006138789428858038
2023-10-23,0.3240707489249,0.3108974358974359,0.013173313027464106
2023-10-24,0.3283896478313351,0.3108974358974359,0.017492211933899215
2023-10-25,0.3285461245598136,0.3108974358974359,0.017648688662377676
2023-10-26,0.3266047752470425,0.3108974358974359,0.01570733934960661
2023-10-27,0.3187508442750628,0.3108974358974359,0.00785340837762688
2023-10-30,0.316339498350112,0.3108974358974359,0.005442062452676089
2023-10-31,0.3146266202577915,0.3108974358974359,0.003729184360355575
2023-11-01,0.32409142868284313,0.3108974358974359,0.013193992785407227
2023-11-02,0.3335137808190695,0.3108974358974359,0.022616344921633613
2023-11-03,0.3310152780216825,0.3108974358974359,0.02011784212424661
2023-11-06,0.3207014237960935,0.3108974358974359,0.009803987898657607
2023-11-07,0.3377223161344315,0.3108974358974359,0.026824880236995585
2023-11-08,0.328681526255889,0.3108974358974359,0.017784090358453075
2023-11-09,0.3259832509949884,0.3108974358974359,0.015085815097552524
2023-11-10,0.3344160190673447,0.3108974358974359,0.02351858316990879
2023-11-13,0.31791027340510447,0.3108974358974359,0.007012837507668568
2023-11-14,0.33807207251273785,0.3108974358974359,0.02717463661530195
2023-11-15,0.3244201305180541,0.3108974358974359,0.01352269462061817
2023-11-16,0.32032950740920724,0.3108974358974359,0.009432071511771334
2023-11-17,0.3344163001752088,0.3108974358974359,0.02351886427777289
2023-11-20,0.34430624710137125,0.3108974358974359,0.03340881120393535
2023-11-21,0.32691925016285556,0.3108974358974359,0.016021814265419654
2023-11-22,0.33576207352027393,0.3108974358974359,0.024864637622838026
2023-11-24,0.3202645525247718,0.3108974358974359,0.009367116627335914
2023-11-27,0.3327294106914124,0.3108974358974359,0.021831974793976472
2023-11-28,0.318386359952282,0.3108974358974359,0.00748892405484608
2023-11-29,0.3182954964849172,0.3108974358974359,0.00739806058748127
2023-11-30,0.3265513053078591,0.3108974358974359,0.015653869410423182
2023-12-01,0.33000714195792213,0.3108974358974359,0.01910970606048623
2023-12-04,0.34756503709651754,0.3108974358974359,0.036667601199081634
2023-12-05,0.35666185489684327,0.3108974358974359,0.045764418999407364
2023-12-06,0.33542355621476305,0.3108974358974359,0.02452612031732715
2023-12-07,0.32424006418501217,0.3108974358974359,0.013342628287576264
2023-12-08,0.3279972333611731,0.3108974358974359,0.017099797463737187
2023-12-11,0.3189154080996293,0.3108974358974359,0.008017972202193413
2023-12-12,0.340243910860234,0.3108974358974359,0.029346474962798075
2023-12-13,0.3280280701164724,0.3108974358974359,0.01713063421903649
2023-12-14,0.3622956110247669,0.3108974358974359,0.05139817512733097
2023-12-15,0.33126590777732473,0.3108974358974359,0.020368471879888828
2023-12-18,0.32204198958081154,0.3108974358974359,0.011144553683375635
2023-12-19,0.34759008046503354,0.3108974358974359,0.03669264456759763
2023-12-20,0.32662531041414816,0.3108974358974359,0.01572787451671226
2023-12-21,0.33681056478924476,0.3108974358974359,0.025913128891808856
2023-12-22,0.32555699736467336,0.3108974358974359,0.014659561467237459
2023-12-26,0.3253612028887776,0.3108974358974359,0.01446376699134172
2023-12-27,0.3195870900444843,0.3108974358974359,0.00868965414704842
2023-12-28,0.3241830217394525,0.3108974358974359,0.013285585842016612
2023-12-29,0.31916695930766875,0.3108974358974359,0.008269523410232849
2024-01-02,0.3340854193455477,0.3108974358974359,0.023187983448111793
2024-01-03,0.33300767932894,0.3108974358974359,0.022110243431504084
2024-01-04,0.3288510368853047,0.3108974358974359,0.0179536009878688
2024-01-05,0.3373763822932517,0.3108974358974359,0.026478946395815772
2024-01-08,0.330956957546205,0.3108974358974359,0.02005952164876912
2024-01-09,0.3300914122321636,0.3108974358974359,0.01919397633472769
2024-01-10,0.32886578146403456,0.3108974358974359,0.017968345566598654
2024-01-11,0.3336218853207071,0.3108974358974359,0.022724449423271176
2024-01-12,0.3208715119981211,0.3108974358974359,0.00997407610068518
2024-01-16,0.324643458513944,0.3108974358974359,0.013746022616508091
2024-01-17,0.31665060239370857,0.3108974358974359,0.005753166496272666
2024-01-18,0.32450451522852136,0.3108974358974359,0.013607079331085459
2024-01-19,0.34510791430496585,0.3108974358974359,0.03421047840752994
2024-01-22,0.3277997028034566,0.3108974358974359,0.016902266906020702
2024-01-23,0.33888096223845293,0.3108974358974359,0.02798352634101703
2024-01-24,0.3339906766204567,0.3108974358974359,0.02309324072302077
2024-01-25,0.32132879744495185,0.3108974358974359,0.01043136154751595
2024-01-26,0.3152403899429277,0.3108974358974359,0.004342954045491787
2024-01-29,0.3221994922666713,0.3108974358974359,0.01130205636923537
2024-01-30,0.3219993891472288,0.3108974358974359,0.011101953249792906
2024-01-31,0.32553290426123976,0.3108974358974359,0.01463546836380386
2024-02-01,0.32856591077168884,0.3108974358974359,0.017668474874252937
2024-02-02,0.3311097540501531,0.3108974358974359,0.02021231815271718
2024-02-05,0.3181327759734672,0.3108974358974359,0.007235340076031271
2024-02-06,0.3264385325106343,0.3108974358974359,0.015541096613198413
2024-02-07,0.33053803554192535,0.3108974358974359,0.019640599644489443
2024-02-08,0.32685792945817466,0.3108974358974359,0.015960493560738753
2024-02-09,0.3154297281283166,0.3108974358974359,0.004532292230880697
2024-02-12,0.32842476123823017,0.3108974358974359,0.017527325340794264
2024-02-13,0.3156834869929855,0.3108974358974359,0.004786051095549582
2024-02-14,0.33304522534802417,0.3108974358974359,0.022147789450588262
2024-02-15,0.3368585736488945,0.3108974358974359,0.025961137751458585
2024-02-16,0.34514296722064125,0.3108974358974359,0.03424553132320535
2024-02-20,0.3298351392486782,0.3108974358974359,0.018937703351242285
2024-02-21,0.330393292540373,0.3108974358974359,0.01949585664293707
2024-02-22,0.33428244428415016,0.3108974358974359,0.023385008386714257
2024-02-23,0.3293085963144692,0.3108974358974359,0.01841116041703328
2024-02-26,0.32793019441948085,0.3108974358974359,0.017032758522044944
2024-02-27,0.33688640186462554,0.3108974358974359,0.025988965967189637
2024-02-28,0.31882962978640167,0.3108974358974359,0.007932193888965766
2024-02-29,0.3404604336740926,0.3108974358974359,0.02956299777665672
2024-03-01,0.329775230409808,0.3108974358974359,0.018877794512372092
2024-03-04,0.3365392063763484,0.3108974358974359,0.025641770478912473
2024-03-05,0.3074445740174519,0.3108974358974359,-0.003452861879984004
2024-03-06,0.3123925265224965,0.3108974358974359,0.001495090625060591
2024-03-07,0.32324189097102435,0.3108974358974359,0.012344455073588445
2024-03-08,0.33954235785830833,0.3108974358974359,0.028644921960872427
2024-03-11,0.323272387785064,0.3108974358974359,0.012374951887628105
2024-03-12,0.3220740831046274,0.3108974358974359,0.01117664720719147
2024-03-13,0.32287979767620617,0.3108974358974359,0.011982361778770267
2024-03-14,0.34349049457308234,0.3108974358974359,0.032593058675646436
2024-03-15,0.3170069456886621,0.3108974358974359,0.006109509791226209
2024-03-18,0.32391615700733883,0.3108974358974359,0.013018721109902931
2024-03-19,0.3235539180783564,0.3108974358974359,0.01265648218092047
2024-03-20,0.32534359902476817,0.3108974358974359,0.014446163127332268
2024-03-21,0.33974117978281726,0.3108974358974359,0.028843743885381357
2024-03-22,0.32297230334720145,0.3108974358974359,0.012074867449765547
2024-03-25,0.3313023361280684,0.3108974358974359,0.020404900230632517
2024-03-26,0.3220400241421512,0.3108974358974359,0.011142588244715312
2024-03-27,0.33490381729105506,0.3108974358974359,0.02400638139361916
2024-03-28,0.33363818447287646,0.3108974358974359,0.02274074857544056
2024-04-01,0.342499353674731,0.3108974358974359,0.0316019177772951
2024-04-02,0.3273785453826767,0.3108974358974359,0.016481109485240786
2024-04-03,0.33708710129537406,0.3108974358974359,0.026189665397938156
2024-04-04,0.3285626076583945,0.3108974358974359,0.01766517176095861
2024-04-05,0.3211787239763209,0.3108974358974359,0.01028128807888501
2024-04-08,0.32299294243980153,0.3108974358974359,0.01209550654236563
2024-04-09,0.31307393443354165,0.3108974358974359,0.002176498536105742
2024-04-10,0.3297349943962559,0.3108974358974359,0.018837558498820017
2024-04-11,0.32968439602407396,0.3108974358974359,0.018786960126638053
2024-04-12,0.3195201781893435,0.3108974358974359,0.00862274229190757
2024-04-15,0.3240167499963068,0.3108974358974359,0.013119314098870904
2024-04-16,0.3366255992753758,0.3108974358974359,0.025728163377939872
2024-04-17,0.32223372128666283,0.3108974358974359,0.01133628538922693
2024-04-18,0.3280847001228714,0.3108974358974359,0.017187264225435483
2024-04-19,0.32295395716580894,0.3108974358974359,0.012056521268373033
2024-04-22,0.32662934772918706,0.3108974358974359,0.015731911831751155
2024-04-23,0.339582957102229,0.3108974358974359,0.02868552120479312
2024-04-24,0.3247134054468024,0.3108974358974359,0.01381596954936648
2024-04-25,0.32455810693786125,0.3108974358974359,0.013660671040425343
2024-04-26,0.31669931686657254,0.3108974358974359,0.005801880969136641
2024-04-29,0.3222711678317282,0.3108974358974359,0.011373731934292308
2024-04-30,0.3271197359834597,0.3108974358974359,0.016222300086023822
2024-05-01,0.3229068054199812,0.3108974358974359,0.012009369522545277
2024-05-02,0.3208863359651489,0.3108974358974359,0.009988900067712969
2024-05-03,0.320576817611332,0.3108974358974359,0.009679381713896096
2024-05-06,0.3189067335340246,0.3108974358974359,0.008009297636588697
2024-05-07,0.34924586128919877,0.3108974358974359,0.038348425391762864
2024-05-08,0.31833967325962104,0.3108974358974359,0.007442237362185133
2024-05-09,0.35151974420712795,0.3108974358974359,0.040622308309692046
2024-05-10,0.3423935537378131,0.3108974358974359,0.0314961178403772
2024-05-13,0.3216345059486431,0.3108974358974359,0.01073707005120722
2024-05-14,0.33322397496255185,0.3108974358974359,0.022326539065115947
2024-05-15,0.31987965068171537,0.3108974358974359,0.008982214784279463
2024-05-16,0.3315789768795022,0.3108974358974359,0.020681540982066315
2024-05-17,0.34473921075505176,0.3108974358974359,0.03384177485761586
2024-05-20,0.31892737817856504,0.3108974358974359,0.008029942281129132
2024-05-21,0.33489973904491166,0.3108974358974359,0.024002303147475756
2024-05-22,0.33148544098707383,0.3108974358974359,0.02058800508963793
2024-05-23,0.3331777768363435,0.3108974358974359,0.022280340938907572
2024-05-24,0.3328262540788531,0.3108974358974359,0.021928818181417176
2024-05-28,0.32655786338987147,0.3108974358974359,0.01566042749243557
2024-05-29,0.33555928972643384,0.3108974358974359,0.024661853828997937
2024-05-30,0.336696051654666,0.3108974358974359,0.02579861575723008
2024-05-31,0.32851560977781724,0.3108974358974359,0.017618173880381338
2024-06-03,0.3223455171399693,0.3108974358974359,0.011448081242533381
2024-06-04,0.3178745237026863,0.3108974358974359,0.006977087805250415
2024-06-05,0.34731549992139277,0.3108974358974359,0.036418064023956864
2024-06-06,0.3229819797331824,0.3108974358974359,0.012084543835746475
2024-06-07,0.316374891084604,0.3108974358974359,0.005477455187168079
2024-06-10,0.3334127207315481,0.3108974358974359,0.022515284834112193
2024-06-11,0.3324562049168588,0.3108974358974359,0.021558769019422885
2024-06-12,0.32109132456826406,0.3108974358974359,0.010193888670828155
2024-06-13,0.3066309142578299,0.3108974358974359,-0.004266521639606002
2024-06-14,0.3241967313615053,0.3108974358974359,0.013299295464069383
2024-06-17,0.31459898448336515,0.3108974358974359,0.0037015485859292485
2024-06-18,0.31548559092131334,0.3108974358974359,0.004588155023877438
2024-06-20,0.31661374368544065,0.3108974358974359,0.005716307788004749
2024-06-21,0.3045436448176703,0.3108974358974359,-0.0063537910797655806
2024-06-24,0.31383203337126003,0.3108974358974359,0.00293459747382413
2024-06-25,0.31647651766172236,0.3108974358974359,0.005579081764286453
2024-06-26,0.31338149538530946,0.3108974358974359,0.002484059487873558
2024-06-27,0.32067993997981187,0.3108974358974359,0.009782504082375965
2024-06-28,0.3271660292076773,0.3108974358974359,0.016268593310241386
2024-07-01,0.32533442450676087,0.3108974358974359,0.014436988609324963
2024-07-02,0.3429173623756236,0.3108974358974359,0.03201992647818769
2024-07-03,0.34054636776434427,0.3108974358974359,0.029648931866908368
2024-07-05,0.3346075684669147,0.3108974358974359,0.023710132569478792
2024-07-08,0.31259286163214195,0.3108974358974359,0.0016954257347060464
2024-07-09,0.31490475456257777,0.3108974358974359,0.004007318665141868
2024-07-10,0.3364962204380403,0.3108974358974359,0.02559878454060438
2024-07-11,0.3197941385456974,0.3108974358974359,0.008896702648261479
2024-07-12,0.32238109978903556,0.3108974358974359,0.01148366389159966
2024-07-15,0.3325442467007024,0.3108974358974359,0.02164681080326647
2024-07-16,0.3409247209984299,0.3108974358974359,0.030027285100994006
2024-07-17,0.34158404150127514,0.3108974358974359,0.030686605603839234
2024-07-18,0.3244589756302985,0.3108974358974359,0.013561539732862615
2024-07-19,0.3397109994040546,0.3108974358974359,0.028813563506618678
2024-07-22,0.3281846953341689,0.3108974358974359,0.017287259436732982
2024-07-23,0.33351042040342505,0.3108974358974359,0.022612984505989142
2024-07-24,0.33265475284388646,0.3108974358974359,0.021757316946450556
2024-07-25,0.332395572398232,0.3108974358974359,0.021498136500796072
2024-07-26,0.32327890498427897,0.3108974358974359,0.012381469086843067
2024-07-29,0.32403251771576635,0.3108974358974359,0.013135081818330452
2024-07-30,0.32823750498003146,0.3108974358974359,0.017340069082595555
2024-07-31,0.3254305757241425,0.3108974358974359,0.01453313982670662
2024-08-01,0.3193476251350192,0.3108974358974359,0.008450189237583283
2024-08-02,0.3189466092548392,0.3108974358974359,0.008049173357403294
2024-08-05,0.32252099185947175,0.3108974358974359,0.011623555962035848
2024-08-06,0.33031703190647554,0.3108974358974359,0.01941959600903964
2024-08-07,0.33065448380039947,0.3108974358974359,0.019757047902963565
2024-08-08,0.32826043926117926,0.3108974358974359,0.017363003363743357
2024-08-09,0.3293484438725721,0.3108974358974359,0.018451007975136213
2024-08-12,0.33185297673058234,0.3108974358974359,0.020955540833146435
2024-08-13,0.3361457313239598,0.3108974358974359,0.025248295426523903
2024-08-14,0.31991440641724456,0.3108974358974359,0.009016970519808654
2024-08-15,0.31907373937191263,0.3108974358974359,0.008176303474476732
2024-08-16,0.3022007400707122,0.3108974358974359,-0.008696695826723722
2024-08-19,0.30354212606645337,0.3108974358974359,-0.007355309830982537
2024-08-20,0.3163157863778139,0.3108974358974359,0.005418350480377976
2024-08-21,0.3144288549070568,0.3108974358974359,0.0035314190096208953
2024-08-22,0.3247274446785593,0.3108974358974359,0.013830008781123393
2024-08-23,0.3478336216005252,0.3108974358974359,0.03693618570308932
2024-08-26,0.34297359450216985,0.3108974358974359,0.03207615860473395
2024-08-27,0.3237081994636275,0.3108974358974359,0.012810763566191596
2024-08-28,0.3199797726611369,0.3108974358974359,0.009082336763701016
2024-08-29,0.3326216989799595,0.3108974358974359,0.02172426308252362
2024-08-30,0.3304273126648773,0.3108974358974359,0.01952987676744139
2024-09-03,0.32728691957860645,0.3108974358974359,0.016389483681170547
2024-09-04,0.3300442141205049,0.3108974358974359,0.019146778223068983
2024-09-05,0.33129724879287165,0.3108974358974359,0.020399812895435743
2024-09-06,0.342989825841546,0.3108974358974359,0.03209238994411012
2024-09-09,0.344444736064728,0.3108974358974359,0.03354730016729207
2024-09-10,0.3207111205644269,0.3108974358974359,0.009813684666991007
2024-09-11,0.3462308148177487,0.3108974358974359,0.0353333789203128
2024-09-12,0.3308511114802253,0.3108974358974359,0.019953675582789376
2024-09-13,0.32798721690784377,0.3108974358974359,0.017089781010407867
2024-09-16,0.3225208186053241,0.3108974358974359,0.011623382707888208
2024-09-17,0.36779596372687484,0.3108974358974359,0.05689852782943894
2024-09-18,0.3396502905131578,0.3108974358974359,0.028752854615721912
2024-09-19,0.3165568016131766,0.3108974358974359,0.005659365715740716
2024-09-20,0.3342259338600616,0.3108974358974359,0.023328497962625705
2024-09-23,0.33136085120974085,0.3108974358974359,0.020463415312304944
2024-09-24,0.3268840855075726,0.3108974358974359,0.015986649610136683
2024-09-25,0.3324851683255802,0.3108974358974359,0.021587732428144324
2024-09-26,0.32658219128407867,0.3108974358974359,0.015684755386642768
2024-09-27,0.3476244078280959,0.3108974358974359,0.03672697193065999
2024-09-30,0.33315761141800604,0.3108974358974359,0.022260175520570136
2024-10-01,0.33102084259122094,0.3108974358974359,0.02012340669378504
2024-10-02,0.3351859772722127,0.3108974358974359,0.024288541374776818
2024-10-03,0.31811253549460256,0.3108974358974359,0.007215099597166652
2024-10-04,0.3350358521760876,0.3108974358974359,0.02413841627865171
2024-10-07,0.3493968969508128,0.3108974358974359,0.03849946105337687
2024-10-08,0.349624279062041,0.3108974358974359,0.03872684316460512
2024-10-09,0.3622906493435129,0.3108974358974359,0.051393213446077
2024-10-10,0.331215592770899,0.3108974358974359,0.02031815687346311
2024-10-11,0.3225209386753524,0.3108974358974359,0.011623502777916517
2024-10-14,0.3197741221869255,0.3108974358974359,0.008876686289489621
2024-10-15,0.3239082897415001,0.3108974358974359,0.013010853844064196
2024-10-16,0.32327674196845724,0.3108974358974359,0.012379306071021334
2024-10-17,0.3137806296237871,0.3108974358974359,0.0028831937263512075
2024-10-18,0.3147881867087096,0.3108974358974359,0.0038907508112737132
2024-10-21,0.3229955920620152,0.3108974358974359,0.012098156164579321
2024-10-22,0.34306497589038876,0.3108974358974359,0.032167539992952854
2024-10-23,0.3185873467441876,0.3108974358974359,0.007689910846751691
2024-10-24,0.3248966317562181,0.3108974358974359,0.013999195858782176
2024-10-25,0.33207643534842984,0.3108974358974359,0.02117899945099394
2024-10-28,0.33689155011716526,0.3108974358974359,0.02599411421972936
2024-10-29,0.34968201471007004,0.3108974358974359,0.03878457881263414
2024-10-30,0.3245031174202683,0.3108974358974359,0.013605681522832425
2024-10-31,0.32653854791142733,0.3108974358974359,0.01564111201399143
2024-11-01,0.33067475058715295,0.3108974358974359,0.01977731468971705
2024-11-04,0.3282129891679017,0.3108974358974359,0.0173155532704658
2024-11-05,0.32764322936324375,0.3108974358974359,0.016745793465807846
2024-11-06,0.3343887413709542,0.3108974358974359,0.023491305473518298
2024-11-07,0.3208179804847421,0.3108974358974359,0.00992054458730618
2024-11-08,0.322791542809395,0.3108974358974359,0.01189410691195908
2024-11-11,0.31596570178201044,0.3108974358974359,0.005068265884574541
2024-11-12,0.3291987755359216,0.3108974358974359,0.01830133963848568
2024-11-13,0.32618978918722064,0.3108974358974359,0.015292353289784733
2024-11-14,0.3277140639032865,0.3108974358974359,0.016816628005850598
2024-11-15,0.3334797803453326,0.3108974358974359,0.022582344447896696
2024-11-18,0.32212418042222335,0.3108974358974359,0.011226744524787446
2024-11-19,0.3242729144943177,0.3108974358974359,0.013375478596881818
2024-11-20,0.32726535963527137,0.3108974358974359,0.016367923737835466
2024-11-21,0.329853254137916,0.3108974358974359,0.018955818240480093
2024-11-22,0.33007470595636207,0.3108974358974359,0.019177270058926166
2024-11-25,0.32861585648408137,0.3108974358974359,0.017718420586645467
2024-11-26,0.3273088054123096,0.3108974358974359,0.016411369514873708
2024-11-27,0.33068357055320846,0.3108974358974359,0.019786134655772558
2024-11-29,0.33374125411418787,0.3108974358974359,0.022843818216751965
2024-12-02,0.32789479568616936,0.3108974358974359,0.016997359788733457
2024-12-03,0.3317229139537626,0.3108974358974359,0.020825478056326674
2024-12-04,0.32642393407960973,0.3108974358974359,0.015526498182173831
2024-12-05,0.3193496145969007,0.3108974358974359,0.008452178699464796
2024-12-06,0.31882624827316386,0.3108974358974359,0.007928812375727956
2024-12-09,0.3231152319017991,0.3108974358974359,0.01221779600436318
2024-12-10,0.3351382914570425,0.3108974358974359,0.02424085555960659
2024-12-11,0.33362748939049547,0.3108974358974359,0.022730053493059565
2024-12-12,0.3286354563655751,0.3108974358974359,0.017738020468139215
2024-12-13,0.3025142000783751,0.3108974358974359,-0.008383235819060808
2024-12-16,0.32087731762006344,0.3108974358974359,0.009979881722627537
2024-12-17,0.3244837747246969,0.3108974358974359,0.013586338827261013
2024-12-18,0.33412598786009867,0.3108974358974359,0.02322855196266277
2024-12-19,0.32044067873075016,0.3108974358974359,0.009543242833314258
2024-12-20,0.3294516706261641,0.3108974358974359,0.01855423472872819
2024-12-23,0.32432460483614045,0.3108974358974359,0.013427168938704548
2024-12-24,0.31769964120217736,0.3108974358974359,0.00680220530474146
2024-12-26,0.33351033872941105,0.3108974358974359,0.022612902831975146
2024-12-27,0.3174709138141465,0.3108974358974359,0.0065734779167105906
2024-12-30,0.3264344513507333,0.3108974358974359,0.015537015453297387
2024-12-31,0.33064783324151964,0.3108974358974359,0.019750397344083737
2025-01-02,0.3267033388254144,0.3108974358974359,0.01580590292797851
2025-01-03,0.3382831169068783,0.3108974358974359,0.027385681009442386
2025-01-06,0.33296824004117215,0.3108974358974359,0.022070804143736245
2025-01-07,0.33123495235020145,0.3108974358974359,0.020337516452765547
2025-01-08,0.3415384496237848,0.3108974358974359,0.03064101372634892
2025-01-10,0.34553421938413664,0.3108974358974359,0.03463678348670074
2025-01-13,0.3263158296972461,0.3108974358974359,0.015418393799810193
2025-01-14,0.3293283983819684,0.3108974358974359,0.01843096248453252
2025-01-15,0.3276519966233401,0.3108974358974359,0.0167545607259042
2025-01-16,0.3352607415653119,0.3108974358974359,0.02436330566787598
2025-01-17,0.3344506725235569,0.3108974358974359,0.02355323662612102
2025-01-21,0.31318863419478654,0.3108974358974359,0.0022911982973506384
2025-01-22,0.3255787843515922,0.3108974358974359,0.014681348454156307
2025-01-23,0.31853116941995274,0.3108974358974359,0.007633733522516839
2025-01-24,0.3181372069802929,0.3108974358974359,0.007239771082857005
2025-01-27,0.3277249707537703,0.3108974358974359,0.01682753485633437
2025-01-28,0.33176940659668586,0.3108974358974359,0.020871970699249953
2025-01-29,0.3322469643095428,0.3108974358974359,0.02134952841210691
2025-01-30,0.3150946457361127,0.3108974358974359,0.004197209838676774
2025-01-31,0.3342553886136235,0.3108974358974359,0.023357952716187624
2025-02-03,0.31858116109101164,0.3108974358974359,0.007683725193575741
2025-02-04,0.3293471172563772,0.3108974358974359,0.018449681358941317
2025-02-05,0.3268450760665794,0.3108974358974359,0.015947640169143518
2025-02-06,0.32835924840439784,0.3108974358974359,0.017461812506961938
2025-02-07,0.32900482388818386,0.3108974358974359,0.01810738799074796
2025-02-10,0.34524206811443936,0.3108974358974359,0.03434463221700346
2025-02-11,0.33182191276502193,0.3108974358974359,0.020924476867586028
2025-02-12,0.3427260870126258,0.3108974358974359,0.0318286511151899
2025-02-13,0.3250219863775238,0.3108974358974359,0.014124550480087872
2025-02-14,0.3267930642346079,0.3108974358974359,0.015895628337172008
2025-02-18,0.3346605113109114,0.3108974358974359,0.0237630754134755
2025-02-19,0.3242320286792766,0.3108974358974359,0.013334592781840682
2025-02-20,0.3367204454186237,0.3108974358974359,0.025823009521187823
2025-02-21,0.32096795002072487,0.3108974358974359,0.010070514123288965
2025-02-24,0.3245370164859251,0.3108974358974359,0.013639580588489186
2025-02-25,0.30628637279879306,0.3108974358974359,-0.0046110630986428425
2025-02-26,0.3157274418744239,0.3108974358974359,0.004830005976988017
2025-02-27,0.3277757436019131,0.3108974358974359,0.01687830770447718
2025-02-28,0.32042401988258307,0.3108974358974359,0.009526583985147163
2025-03-03,0.32345792710409493,0.3108974358974359,0.01256049120665903
2025-03-04,0.33809785285823624,0.3108974358974359,0.027200416960800333
2025-03-05,0.3278522918578312,0.3108974358974359,0.01695485596039531
2025-03-06,0.3111298450595463,0.3108974358974359,0.00023240916211036966
2025-03-07,0.34232082884507953,0.3108974358974359,0.031423392947643625
2025-03-10,0.32535835512083344,0.3108974358974359,0.01446091922339754
2025-03-11,0.3282317967775531,0.3108974358974359,0.017334360880117194
2025-03-12,0.3350327156794131,0.3108974358974359,0.024135279781977215
2025-03-13,0.3270589853959521,0.3108974358974359,0.01616154949851617
2025-03-14,0.3253530522512831,0.3108974358974359,0.014455616353847178
2025-03-17,0.33360207478038917,0.3108974358974359,0.022704638882953265
2025-03-18,0.331285799900859,0.3108974358974359,0.020388364003423087
2025-03-19,0.32660119888772465,0.3108974358974359,0.01570376299028875
2025-03-20,0.3419478881145224,0.3108974358974359,0.03105045221708652
2025-03-21,0.34590376291342667,0.3108974358974359,0.03500632701599077
2025-03-24,0.32502334470742195,0.3108974358974359,0.014125908809986043
2025-03-25,0.33409384478281634,0.3108974358974359,0.023196408885380437
2025-03-26,0.31179917815048425,0.3108974358974359,0.0009017422530483432
2025-03-27,0.3424358261293079,0.3108974358974359,0.03153839023187199
2025-03-28,0.3382114357261811,0.3108974358974359,0.027313999828745217
2025-03-31,0.3367003349815612,0.3108974358974359,0.025802899084125308
2025-04-01,0.32438181981117564,0.3108974358974359,0.01348438391373974
2025-04-02,0.3257000205131482,0.3108974358974359,0.014802584615712322
2025-04-03,0.32989820602079595,0.3108974358974359,0.019000770123360045
2025-04-04,0.32356085928825873,0.3108974358974359,0.012663423390822826
2025-04-07,0.3247421441724905,0.3108974358974359,0.013844708275054574
2025-04-08,0.3336477440626152,0.3108974358974359,0.02275030816517931
2025-04-09,0.35866917128813447,0.3108974358974359,0.047771735390698566
2025-04-10,0.32503790142171374,0.3108974358974359,0.014140465524277834
2025-04-11,0.32603664128476445,0.3108974358974359,0.015139205387328547
2025-04-14,0.32722917846133065,0.3108974358974359,0.016331742563894747
2025-04-15,0.31688036204104536,0.3108974358974359,0.005982926143609457
2025-04-16,0.3356251796919235,0.3108974358974359,0.02472774379448761
2025-04-17,0.33735773189120777,0.3108974358974359,0.026460295993771865
2025-04-21,0.3302662887415179,0.3108974358974359,0.01936885284408202
2025-04-22,0.3251865110353531,0.3108974358974359,0.014289075137917218
2025-04-23,0.32110736100252213,0.3108974358974359,0.010209925105086226
2025-04-24,0.3239106931391864,0.3108974358974359,0.013013257241750509
2025-04-25,0.32526880162602995,0.3108974358974359,0.014371365728594043
2025-04-28,0.3351091504523208,0.3108974358974359,0.02421171455488491
2025-04-29,0.34910305498987754,0.3108974358974359,0.038205619092441634
2025-04-30,0.3343496975577947,0.3108974358974359,0.023452261660358797
2025-05-01,0.3279715042538858,0.3108974358974359,0.017074068356449923
2025-05-02,0.3187604426725297,0.3108974358974359,0.007863006775093773
2025-05-05,0.3436354409680055,0.3108974358974359,0.03273800507056962
2025-05-06,0.33604510599105225,0.3108974358974359,0.025147670093616348
2025-05-07,0.33473808865018606,0.3108974358974359,0.023840652752750158
2025-05-08,0.36356403761274747,0.3108974358974359,0.05266660171531157
2025-05-09,0.3310100960020006,0.3108974358974359,0.020112660104564695
2025-05-12,0.3270940179762439,0.3108974358974359,0.016196582078807975
2025-05-13,0.33936944643011774,0.3108974358974359,0.028472010532681835
2025-05-14,0.3300602366177768,0.3108974358974359,0.019162800720340878
2025-05-15,0.33341657075467823,0.3108974358974359,0.02251913485724233
2025-05-16,0.3327112855620696,0.3108974358974359,0.021813849664633678
2025-05-19,0.3266970399406847,0.3108974358974359,0.015799604043248816
2025-05-20,0.35113504536086404,0.3108974358974359,0.04023760946342814
2025-05-21,0.3534461038698597,0.3108974358974359,0.04254866797242379
2025-05-22,0.3185893045040132,0.3108974358974359,0.007691868606577279
2025-05-23,0.3289099568501253,0.3108974358974359,0.018012520952689404
2025-05-27,0.3321818812755869,0.3108974358974359,0.021284445378150996
2025-05-28,0.3243661561964054,0.3108974358974359,0.013468720298969505
2025-05-29,0.3280150778164887,0.3108974358974359,0.017117641919052795
2025-05-30,0.3439537447077099,0.3108974358974359,0.03305630881027399
2025-06-02,0.32466854108555887,0.3108974358974359,0.013771105188122967
2025-06-03,0.3155798991068671,0.3108974358974359,0.00468246320943122
2025-06-04,0.33448529780459046,0.3108974358974359,0.02358786190715456
2025-06-05,0.3293834625547585,0.3108974358974359,0.018486026657322574
2025-06-06,0.34896991646164643,0.3108974358974359,0.03807248056421053
2025-06-09,0.3329091374421237,0.3108974358974359,0.02201170154468779
2025-06-10,0.3253182809352963,0.3108974358974359,0.014420845037860397
2025-06-11,0.350987493888539,0.3108974358974359,0.0400900579911031
2025-06-12,0.32585410072896503,0.3108974358974359,0.014956664831529132
2025-06-13,0.33522035904010566,0.3108974358974359,0.02432292314266976
2025-06-16,0.33441449277336466,0.3108974358974359,0.023517056875928755
2025-06-17,0.33168697412017994,0.3108974358974359,0.02078953822274404
2025-06-18,0.32732546437722543,0.3108974358974359,0.016428028479789525
2025-06-20,0.33817875969149114,0.3108974358974359,0.027281323794055234
2025-06-23,0.33305298907085823,0.3108974358974359,0.022155553173422327
2025-06-24,0.3364590230255457,0.3108974358974359,0.025561587128109797
2025-06-25,0.33057371790067175,0.3108974358974359,0.019676282003235845
2025-06-26,0.32421331973154544,0.3108974358974359,0.013315883834109532
2025-06-27,0.3177908648206977,0.3108974358974359,0.00689342892326178
2025-06-30,0.3398719722023844,0.3108974358974359,0.028974536304948506
2025-07-01,0.3242261853088163,0.3108974358974359,0.013328749411380403
2025-07-02,0.3212495767315345,0.3108974358974359,0.010352140834098578
2025-07-03,0.338288642136619,0.3108974358974359,0.02739120623918312
2025-07-07,0.31689419391878737,0.3108974358974359,0.005996758021351467
2025-07-08,0.31250185844107453,0.3108974358974359,0.0016044225436386284
2025-07-09,0.33117706865380014,0.3108974358974359,0.02027963275636424
2025-07-10,0.314433641261245,0.3108974358974359,0.0035362053638091084
2025-07-11,0.3366016503864248,0.3108974358974359,0.025704214488988908
2025-07-14,0.3415238558574523,0.3108974358974359,0.030626419960016416
2025-07-15,0.32595951388769406,0.3108974358974359,0.01506207799025816
2025-07-16,0.3307608196436779,0.3108974358974359,0.01986338374624197
2025-07-17,0.32670084136713695,0.3108974358974359,0.01580340546970105
2025-07-18,0.3475091533484084,0.3108974358974359,0.03661171745097247
2025-07-21,0.33883501011347145,0.3108974358974359,0.027937574216035543
2025-07-22,0.3295446766689599,0.3108974358974359,0.01864724077152402
2025-07-23,0.324531698641671,0.3108974358974359,0.01363426274423507
2025-07-24,0.33138062241796656,0.3108974358974359,0.02048318652053066
2025-07-25,0.31976343547139074,0.3108974358974359,0.008865999573954841
2025-07-28,0.3281082829904838,0.3108974358974359,0.017210847093047876
2025-07-29,0.3215240426390784,0.3108974358974359,0.010626606741642508
2025-07-30,0.32805477522179294,0.3108974358974359,0.017157339324357035
2025-07-31,0.31742314996602883,0.3108974358974359,0.006525714068592925
2025-08-01,0.32448637287613097,0.3108974358974359,0.013588936978695065
2025-08-04,0.3303079700052461,0.3108974358974359,0.019410534107810185
2025-08-05,0.3306751731598992,0.3108974358974359,0.01977773726246329
2025-08-06,0.3227300421495772,0.3108974358974359,0.011832606252141276
2025-08-07,0.32241148580382284,0.3108974358974359,0.011514049906386936
2025-08-08,0.3222751091414347,0.3108974358974359,0.011377673243998798
2025-08-11,0.32751697742288366,0.3108974358974359,0.016619541525447756
2025-08-12,0.35340344564876836,0.3108974358974359,0.04250600975133245
2025-08-13,0.3235788988590604,0.3108974358974359,0.012681462961624479
2025-08-14,0.3258368582109146,0.3108974358974359,0.014939422313478723
2025-08-15,0.3264360628049504,0.3108974358974359,0.015538626907514508
2025-08-18,0.34152314898644814,0.3108974358974359,0.03062571308901224
2025-08-19,0.3185416261344588,0.3108974358974359,0.0076441902370228965
2025-08-20,0.3334241254750728,0.3108974358974359,0.02252668957763687
2025-08-21,0.3313193675859357,0.3108974358974359,0.020421931688499817
2025-08-22,0.33118205881747664,0.3108974358974359,0.02028462292004074
2025-08-25,0.32637662555994207,0.3108974358974359,0.015479189662506165
2025-08-26,0.33127425922880477,0.3108974358974359,0.020376823331368865
2025-08-27,0.3626989602521236,0.3108974358974359,0.05180152435468771
2025-08-28,0.3576074612804453,0.3108974358974359,0.04671002538300939
2025-08-29,0.34813724410375646,0.3108974358974359,0.03723980820632056
2025-09-02,0.3254972089623894,0.3108974358974359,0.01459977306495347
2025-09-03,0.333775380414439,0.3108974358974359,0.02287794451700309
2025-09-04,0.3317013067710388,0.3108974358974359,0.020803870873602914
2025-09-05,0.32614721652754997,0.3108974358974359,0.015249780630114063
2025-09-08,0.33505279517771924,0.3108974358974359,0.02415535928028334
2025-09-09,0.32379570304629807,0.3108974358974359,0.012898267148862164
2025-09-10,0.349612574383647,0.3108974358974359,0.03871513848621111
2025-09-11,0.30390890869297066,0.3108974358974359,-0.006988527204465245
2025-09-12,0.32074605598388495,0.3108974358974359,0.009848620086449045
2025-09-15,0.32180860163838393,0.3108974358974359,0.010911165740948026
2025-09-16,0.32117881622568395,0.3108974358974359,0.010281380328248046
2025-09-17,0.33824379187348197,0.3108974358974359,0.027346355976046066
2025-09-18,0.3223026736601295,0.3108974358974359,0.011405237762693587
2025-09-19,0.3375721638054328,0.3108974358974359,0.02667472790799691
2025-09-22,0.3310026442641413,0.3108974358974359,0.020105208366705374
2025-09-23,0.328103231897001,0.3108974358974359,0.01720579599956512
2025-09-24,0.3335566007832204,0.3108974358974359,0.02265916488578451
2025-09-25,0.3302745446006979,0.3108974358974359,0.01937710870326198
2025-09-26,0.3236522757294406,0.3108974358974359,0.012754839832004705
2025-09-29,0.32572591470760515,0.3108974358974359,0.014828478810169243
2025-09-30,0.33192997080639186,0.3108974358974359,0.021032534908955958
2025-10-01,0.31873186349206317,0.3108974358974359,0.007834427594627269
2025-10-02,0.3382986685638873,0.3108974358974359,0.02740123266645139
2025-10-03,0.3222249868099609,0.3108974358974359,0.01132755091252502
2025-10-06,0.32159033593305264,0.3108974358974359,0.010692900035616737
2025-10-07,0.32766821300465415,0.3108974358974359,0.01677077710721825
2025-10-08,0.3377213217440785,0.3108974358974359,0.02682388584664258
2025-10-09,0.3133658794678318,0.3108974358974359,0.002468443570395884
2025-10-10,0.35502286808126493,0.3108974358974359,0.04412543218382903
2025-10-13,0.33529633053562613,0.3108974358974359,0.024398894638190227
2025-10-14,0.34955892566533575,0.3108974358974359,0.03866148976789985
2025-10-15,0.334252209965256,0.3108974358974359,0.023354774067820105
2025-10-16,0.32006358129716295,0.3108974358974359,0.009166145399727044
2025-10-17,0.3460117883376676,0.3108974358974359,0.0351143524402317
2025-10-20,0.33692454619425566,0.3108974358974359,0.026027110296819755
2025-10-21,0.3283779962722782,0.3108974358974359,0.017480560374842302
2025-10-22,0.32976466703155627,0.3108974358974359,0.018867231134120366
2025-10-23,0.3415111346129893,0.3108974358974359,0.030613698715553417
2025-10-24,0.31942166831310354,0.3108974358974359,0.008524232415667632
2025-10-27,0.31090202612969664,0.3108974358974359,4.5902322607371815e-06
2025-10-28,0.33034911895620933,0.3108974358974359,0.019451683058773428
2025-10-29,0.33264190366459406,0.3108974358974359,0.02174446776715816
2025-10-30,0.3144901903077979,0.3108974358974359,0.003592754410361998
2025-10-31,0.3240212584856997,0.3108974358974359,0.013123822588263778
2025-11-03,0.3235978667935768,0.3108974358974359,0.012700430896140924
2025-11-04,0.3268325859060027,0.3108974358974359,0.015935150008566823
2025-11-05,0.3279459870998773,0.3108974358974359,0.01704855120244142
2025-11-06,0.3249917703046575,0.3108974358974359,0.014094334407221576
2025-11-07,0.33238222422606656,0.3108974358974359,0.021484788328630655
2025-11-10,0.329262756561845,0.3108974358974359,0.0183653206644091
2025-11-11,0.32870507761296824,0.3108974358974359,0.01780764171553234
2025-11-12,0.3236543022760391,0.3108974358974359,0.012756866378603182
2025-11-13,0.32888128751979784,0.3108974358974359,0.017983851622361935
2025-11-14,0.32681209122630295,0.3108974358974359,0.015914655328867044
2025-11-17,0.3312725453740342,0.3108974358974359,0.02037510947659832
2025-11-18,0.3268119879289085,0.3108974358974359,0.015914552031472573
2025-11-19,0.33644058580567804,0.3108974358974359,0.025543149908242135
2025-11-20,0.31805978435035553,0.3108974358974359,0.007162348452919631
2025-11-21,0.33079661545228534,0.3108974358974359,0.019899179554849433
2025-11-24,0.3376984399134602,0.3108974358974359,0.02680100401602431
2025-11-25,0.32070399257278914,0.3108974358974359,0.00980655667535324
2025-11-26,0.32053142805421175,0.3108974358974359,0.00963399215677585
2025-11-28,0.34581900824909034,0.3108974358974359,0.03492157235165444
2025-12-01,0.36199910896047005,0.3108974358974359,0.05110167306303415
2025-12-02,0.3578963665939392,0.3108974358974359,0.046998930696503294
2025-12-03,0.3286580093336166,0.3108974358974359,0.017760573436180704
2025-12-04,0.3346107149860803,0.3108974358974359,0.0237132790886444
2025-12-05,0.3248272319437627,0.3108974358974359,0.01392979604632677
2025-12-08,0.3238082353812987,0.3108974358974359,0.012910799483862812
2025-12-09,0.32859735964077397,0.3108974358974359,0.017699923743338064
2025-12-10,0.3384290926675956,0.3108974358974359,0.027531656770159674
2025-12-11,0.33198062569947717,0.3108974358974359,0.02108318980204127
2025-12-12,0.32005159428659924,0.3108974358974359,0.009154158389163336
2025-12-15,0.3289061455750301,0.3108974358974359,0.018008709677594215
2025-12-16,0.3436635499203775,0.3108974358974359,0.032766114022941606
2025-12-17,0.3325991089486761,0.3108974358974359,0.02170167305124021
2025-12-18,0.341632140643648,0.3108974358974359,0.030734704746212094
2025-12-19,0.3303528223534045,0.3108974358974359,0.019455386455968615
2025-12-22,0.3146610893295973,0.3108974358974359,0.0037636534321613957
2025-12-23,0.3262257665595371,0.3108974358974359,0.015328330662101208
2025-12-24,0.3300757362398874,0.3108974358974359,0.019178300342451493
2025-12-26,0.3323535163669636,0.3108974358974359,0.021456080469527683
2025-12-29,0.34714037842545653,0.3108974358974359,0.03624294252802063
2025-12-30,0.3273023610340585,0.3108974358974359,0.016404925136622617
2025-12-31,0.3468276657719079,0.3108974358974359,0.035930229874471975
2026-01-02,0.32162190641047717,0.3108974358974359,0.010724470513041262
2026-01-05,0.33216525748809456,0.3108974358974359,0.021267821590658653
2026-01-06,0.32646111179354415,0.3108974358974359,0.015563675896108242
2026-01-07,0.318830154557086,0.3108974358974359,0.007932718659650118
2026-01-08,0.34002408425737857,0.3108974358974359,0.029126648359942664
2026-01-09,0.32540877553424563,0.3108974358974359,0.014511339636809728
2026-01-12,0.3264062983086036,0.3108974358974359,0.015508862411167723
2026-01-13,0.32203251771183145,0.3108974358974359,0.011135081814395542
2026-01-14,0.3315138986422674,0.3108974358974359,0.020616462744831476
2026-01-15,0.3353553436739839,0.3108974358974359,0.024457907776547994
2026-01-16,0.3226743246483674,0.3108974358974359,0.011776888750931525
2026-01-20,0.3266523567967964,0.3108974358974359,0.01575492089936048
2026-01-21,0.3279428762257825,0.3108974358974359,0.017045440328346595
2026-01-22,0.32691746473810857,0.3108974358974359,0.016020028840672662
2026-01-23,0.3257768622128367,0.3108974358974359,0.01487942631540079
2026-01-26,0.32670563569333066,0.3108974358974359,0.015808199795894762
2026-01-27,0.3241777095773768,0.3108974358974359,0.01328027367994089
2026-01-28,0.3313057502070703,0.3108974358974359,0.020408314309634412
2026-01-29,0.3324084826884629,0.3108974358974359,0.021511046791027
2026-01-30,0.3236388563922181,0.3108974358974359,0.012741420494782218
2026-02-02,0.3331677273929033,0.3108974358974359,0.022270291495467387
2026-02-03,0.32697583247765505,0.3108974358974359,0.016078396580219145
2026-02-04,0.33661135153024746,0.3108974358974359,0.025713915632811557
2026-02-05,0.32665752221154365,0.3108974358974359,0.015760086314107746
2026-02-06,0.3275799399600664,0.3108974358974359,0.0166825040626305
2026-02-09,0.33140683656727604,0.3108974358974359,0.02050940066984014
2026-02-10,0.3223755238605663,0.3108974358974359,0.011478087963130379
2026-02-11,0.3277427447633864,0.3108974358974359,0.01684530886595048
2026-02-12,0.3234350146427489,0.3108974358974359,0.012537578745312972
2026-02-13,0.33556542015823637,0.3108974358974359,0.02466798426080047
2026-02-17,0.32859516529455707,0.3108974358974359,0.017697729397121165
2026-02-18,0.33025944957614567,0.3108974358974359,0.019362013678709766
2026-02-19,0.3207181497724474,0.3108974358974359,0.009820713875011489
2026-02-20,0.3269832744926485,0.3108974358974359,0.01608583859521262
2026-02-23,0.3292789692980697,0.3108974358974359,0.01838153340063381
2026-02-24,0.3276838094153903,0.3108974358974359,0.016786373517954423
2026-02-25,0.32518909644188276,0.3108974358974359,0.01429166054444686
2026-02-26,0.33621456741530015,0.3108974358974359,0.025317131517864244
2026-02-27,0.32397513388236604,0.3108974358974359,0.013077697984930137
2026-03-02,0.33148202593285603,0.3108974358974359,0.020584590035420125
2026-03-03,0.3310188736541166,0.3108974358974359,0.020121437756680682
2026-03-04,0.3221450244464725,0.3108974358974359,0.011247588549036625
2026-03-05,0.33718197054213783,0.3108974358974359,0.02628453464470193
2026-03-06,0.32230996138561835,0.3108974358974359,0.011412525488182446
2026-03-09,0.3313702419132088,0.3108974358974359,0.020472806015772893
2026-03-10,0.3218917782238954,0.3108974358974359,0.010994342326459516
2026-03-11,0.32461731558386137,0.3108974358974359,0.013719879686425462
2026-03-12,0.3259858919216831,0.3108974358974359,0.015088456024247188
2026-03-13,0.35014709980146014,0.3108974358974359,0.039249663904024235
2026-03-16,0.3206457074389587,0.3108974358974359,0.009748271541522802
2026-03-17,0.32005670012692594,0.3108974358974359,0.009159264229490038
2026-03-18,0.3332493155800381,0.3108974358974359,0.022351879682602216
2026-03-19,0.337848263525839,0.3108974358974359,0.026950827628403118
2026-03-20,0.3257377849237367,0.3108974358974359,0.01484034902630077
2026-03-23,0.3268800848650562,0.3108974358974359,0.015982648967620305
2026-03-24,0.32588807776316087,0.3108974358974359,0.014990641865724963
2026-03-25,0.3259335780084968,0.3108974358974359,0.015036142111060913
2026-03-26,0.33329988542881345,0.3108974358974359,0.022402449531377544
2026-03-27,0.33040124001390564,0.3108974358974359,0.019503804116469736
2026-03-30,0.3277664123510629,0.3108974358974359,0.016868976453627005
2026-03-31,0.32738823193409594,0.3108974358974359,0.016490796036660038
2026-04-01,0.32834297304648913,0.3108974358974359,0.017445537149053225
2026-04-02,0.33177687471060974,0.3108974358974359,0.020879438813173834
2026-04-06,0.3279009680351777,0.3108974358974359,0.017003532137741806
2026-04-07,0.3357053885247888,0.3108974358974359,0.024807952627352914
2026-04-08,0.3348971283259678,0.3108974358974359,0.023999692428531894
2026-04-09,0.32816050610867986,0.3108974358974359,0.017263070211243958
2026-04-10,0.33890700378285143,0.3108974358974359,0.02800956788541553
2026-04-13,0.34441460918097655,0.3108974358974359,0.03351717328354065
2026-04-14,0.3418050858940268,0.3108974358974359,0.030907649996590902
2026-04-15,0.3324250855575944,0.3108974358974359,0.02152764966015852
2026-04-16,0.3382497876310077,0.3108974358974359,0.02735235173357181
2026-04-17,0.32984299134766787,0.3108974358974359,0.018945555450231966
2026-04-20,0.3358604289600384,0.3108974358974359,0.024962993062602523
2026-04-21,0.3240518234179347,0.3108974358974359,0.0131543875204988
2026-04-22,0.33038330871515387,0.3108974358974359,0.019485872817717964
2026-04-23,0.32603546447521853,0.3108974358974359,0.015138028577782625
2026-04-24,0.3278351509192578,0.3108974358974359,0.016937715021821897
2026-04-27,0.3241560505960855,0.3108974358974359,0.013258614698649585
2026-04-28,0.32434275602404505,0.3108974358974359,0.01344532012660915
2026-04-29,0.32582228491398546,0.3108974358974359,0.014924849016549557
2026-04-30,0.3281890063699565,0.3108974358974359,0.017291570472520612
2026-05-01,0.34370976128240677,0.3108974358974359,0.032812325384970864
2026-05-04,0.3304569892631453,0.3108974358974359,0.019559553365709414
2026-05-05,0.3461497757486321,0.3108974358974359,0.03525233985119619
2026-05-06,0.34298000519943567,0.3108974358974359,0.032082569301999764
2026-05-07,0.33656238488304535,0.3108974358974359,0.025664948985609448
2026-05-08,0.32830893482322165,0.3108974358974359,0.01741149892578575
2026-05-11,0.3324162492135109,0.3108974358974359,0.02151881331607497
2026-05-12,0.32413678086215236,0.3108974358974359,0.01323934496471646
2026-05-13,0.3321582275832234,0.3108974358974359,0.021260791685787483
2026-05-14,0.3436917156639506,0.3108974358974359,0.03279427976651472
2026-05-15,0.33414160447079727,0.3108974358974359,0.023244168573361368
2026-05-18,0.32341820478385364,0.3108974358974359,0.012520768886417732
2026-05-19,0.3321438045163513,0.3108974358974359,0.02124636861891538
2026-05-20,0.3279368025436049,0.3108974358974359,0.017039366646169007
2026-05-21,0.33183038694618106,0.3108974358974359,0.020932951048745152
2026-05-22,0.319776300243659,0.3108974358974359,0.008878864346223092
2026-05-26,0.35127429477334576,0.3108974358974359,0.04037685887590986
2026-05-27,0.32410938960414326,0.3108974358974359,0.013211953706707358
2026-05-28,0.32917088980396025,0.3108974358974359,0.01827345390652435
2026-05-29,0.34640084615350436,0.3108974358974359,0.03550341025606846
2026-06-01,0.31164080016153267,0.3108974358974359,0.0007433642640967686
2026-06-02,0.3369322180348912,0.3108974358974359,0.026034782137455303
2026-06-03,0.3232936693868311,0.3108974358974359,0.01239623348939517
2026-06-04,0.3335774254103216,0.3108974358974359,0.02267998951288569
2026-06-05,0.34039509752210345,0.3108974358974359,0.029497661624667548
2026-06-08,0.33110892531598946,0.3108974358974359,0.020211489418553552
2026-06-09,0.33329114408244814,0.3108974358974359,0.02239370818501224
